bbbbbbbbb,d
obbbbbbbb,d
bobbbbbbb,d
bbobbbbbb,d
bbbobbbbb,d
bbbbobbbb,d
bbbbbobbb,d
bbbbbbobb,d
bbbbbbbob,d
bbbbbbbbo,d
xobbbbbbb,d
xbobbbbbb,o
xbbobbbbb,d
xbbbobbbb,d
xbbbbobbb,o
xbbbbbobb,o
xbbbbbbob,o
xbbbbbbbo,o
oxbbbbbbb,o
bxobbbbbb,o
bxbobbbbb,o
bxbbobbbb,o
bxbbbobbb,o
bxbbbbobb,o
bxbbbbbob,d
bxbbbbbbo,o
obxbbbbbb,o
boxbbbbbb,d
bbxobbbbb,o
bbxbobbbb,d
bbxbbobbb,d
bbxbbbobb,o
bbxbbbbob,o
bbxbbbbbo,o
obbxbbbbb,o
bobxbbbbb,o
bboxbbbbb,o
bbbxobbbb,o
bbbxbobbb,d
bbbxbbobb,o
bbbxbbbob,o
bbbxbbbbo,o
obbbxbbbb,d
bobbxbbbb,d
bbobxbbbb,d
bbboxbbbb,d
bbbbxobbb,d
bbbbxbobb,d
bbbbxbbob,d
bbbbxbbbo,d
obbbbxbbb,o
bobbbxbbb,o
bbobbxbbb,o
bbbobxbbb,d
bbbboxbbb,o
bbbbbxobb,o
bbbbbxbob,o
bbbbbxbbo,o
obbbbbxbb,o
bobbbbxbb,o
bbobbbxbb,o
bbbobbxbb,d
bbbbobxbb,d
bbbbboxbb,o
bbbbbbxob,d
bbbbbbxbo,o
obbbbbbxb,o
bobbbbbxb,d
bbobbbbxb,o
bbbobbbxb,o
bbbbobbxb,o
bbbbbobxb,o
bbbbbboxb,o
bbbbbbbxo,o
obbbbbbbx,o
bobbbbbbx,o
bbobbbbbx,o
bbbobbbbx,o
bbbbobbbx,d
bbbbbobbx,d
bbbbbbobx,o
bbbbbbbox,d
xoobbbbbb,x
xobobbbbb,d
xboobbbbb,d
xobbobbbb,d
xbobobbbb,d
xbboobbbb,d
xobbbobbb,x
xbobbobbb,o
xbbobobbb,x
xbbboobbb,d
xobbbbobb,d
xbobbbobb,o
xbbobbobb,x
xbbbobobb,d
xbbbboobb,d
xobbbbbob,x
xbobbbbob,d
xbbobbbob,x
xbbbobbob,d
xbbbbobob,x
xbbbbboob,o
xobbbbbbo,d
xbobbbbbo,o
xbbobbbbo,d
xbbbobbbo,d
xbbbbobbo,x
xbbbbbobo,o
xbbbbbboo,x
oxobbbbbb,d
oxbobbbbb,o
bxoobbbbb,d
oxbbobbbb,o
bxobobbbb,o
bxboobbbb,o
oxbbbobbb,d
bxobbobbb,o
bxbobobbb,x
bxbboobbb,o
oxbbbbobb,o
bxobbbobb,d
bxbobbobb,x
bxbbobobb,o
bxbbboobb,d
oxbbbbbob,d
bxobbbbob,d
bxbobbbob,d
bxbbobbob,d
bxbbbobob,d
bxbbbboob,d
oxbbbbbbo,d
bxobbbbbo,o
bxbobbbbo,d
bxbbobbbo,o
bxbbbobbo,x
bxbbbbobo,o
bxbbbbboo,d
ooxbbbbbb,x
obxobbbbb,o
boxobbbbb,x
obxbobbbb,d
boxbobbbb,d
bbxoobbbb,d
obxbbobbb,d
boxbbobbb,d
bbxobobbb,x
bbxboobbb,d
obxbbbobb,o
boxbbbobb,d
bbxobbobb,x
bbxbobobb,d
bbxbboobb,d
obxbbbbob,d
boxbbbbob,x
bbxobbbob,x
bbxbobbob,d
bbxbbobob,x
bbxbbboob,x
obxbbbbbo,o
boxbbbbbo,d
bbxobbbbo,d
bbxbobbbo,d
bbxbbobbo,x
bbxbbbobo,o
bbxbbbboo,o
oobxbbbbb,o
oboxbbbbb,o
booxbbbbb,x
obbxobbbb,o
bobxobbbb,o
bboxobbbb,o
obbxbobbb,d
bobxbobbb,d
bboxbobbb,d
bbbxoobbb,d
obbxbbobb,d
bobxbbobb,d
bboxbbobb,d
bbbxobobb,o
bbbxboobb,d
obbxbbbob,d
bobxbbbob,x
bboxbbbob,d
bbbxobbob,o
bbbxbobob,d
bbbxbboob,o
obbxbbbbo,d
bobxbbbbo,d
bboxbbbbo,o
bbbxobbbo,o
bbbxbobbo,d
bbbxbbobo,o
bbbxbbboo,x
oobbxbbbb,d
obobxbbbb,d
boobxbbbb,d
obboxbbbb,d
boboxbbbb,d
bbooxbbbb,d
obbbxobbb,d
bobbxobbb,d
bbobxobbb,d
bbboxobbb,x
obbbxbobb,d
bobbxbobb,d
bbobxbobb,d
bbboxbobb,d
bbbbxoobb,d
obbbxbbob,d
bobbxbbob,x
bbobxbbob,d
bbboxbbob,d
bbbbxobob,d
bbbbxboob,d
obbbxbbbo,d
bobbxbbbo,d
bbobxbbbo,d
bbboxbbbo,d
bbbbxobbo,d
bbbbxbobo,d
bbbbxbboo,d
oobbbxbbb,x
obobbxbbb,o
boobbxbbb,o
obbobxbbb,d
bobobxbbb,d
bboobxbbb,d
obbboxbbb,o
bobboxbbb,o
bboboxbbb,o
bbbooxbbb,d
obbbbxobb,o
bobbbxobb,d
bbobbxobb,d
bbbobxobb,d
bbbboxobb,o
obbbbxbob,d
bobbbxbob,x
bbobbxbob,d
bbbobxbob,d
bbbboxbob,o
bbbbbxoob,x
obbbbxbbo,d
bobbbxbbo,d
bbobbxbbo,d
bbbobxbbo,d
bbbboxbbo,o
bbbbbxobo,o
bbbbbxboo,o
oobbbbxbb,o
obobbbxbb,o
boobbbxbb,x
obbobbxbb,x
bobobbxbb,x
bboobbxbb,d
obbbobxbb,d
bobbobxbb,d
bbobobxbb,d
bbboobxbb,d
obbbboxbb,d
bobbboxbb,x
bbobboxbb,x
bbboboxbb,x
bbbbooxbb,d
obbbbbxob,d
bobbbbxob,x
bbobbbxob,d
bbbobbxob,d
bbbbobxob,d
bbbbboxob,x
obbbbbxbo,o
bobbbbxbo,d
bbobbbxbo,o
bbbobbxbo,d
bbbbobxbo,d
bbbbboxbo,o
bbbbbbxoo,x
oobbbbbxb,d
obobbbbxb,o
boobbbbxb,d
obbobbbxb,x
bobobbbxb,d
bboobbbxb,d
obbbobbxb,o
bobbobbxb,d
bbobobbxb,o
bbboobbxb,o
obbbbobxb,d
bobbbobxb,d
bbobbobxb,x
bbbobobxb,x
bbbboobxb,o
obbbbboxb,o
bobbbboxb,d
bbobbboxb,d
bbbobboxb,o
bbbboboxb,o
bbbbbooxb,d
obbbbbbxo,d
bobbbbbxo,d
bbobbbbxo,o
bbbobbbxo,d
bbbbobbxo,o
bbbbbobxo,o
bbbbbboxo,d
oobbbbbbx,x
obobbbbbx,o
boobbbbbx,o
obbobbbbx,x
bobobbbbx,x
bboobbbbx,d
obbbobbbx,d
bobbobbbx,d
bbobobbbx,d
bbboobbbx,d
obbbbobbx,d
bobbbobbx,x
bbobbobbx,x
bbbobobbx,x
bbbboobbx,d
obbbbbobx,o
bobbbbobx,d
bbobbbobx,o
bbbobbobx,o
bbbbobobx,d
bbbbboobx,d
obbbbbbox,d
bobbbbbox,x
bbobbbbox,d
bbbobbbox,x
bbbbobbox,d
bbbbbobox,d
bbbbbboox,x
xxoobbbbb,o
xxobobbbb,o
xxboobbbb,o
xxobbobbb,o
xxbobobbb,o
xxbboobbb,o
xxobbbobb,o
xxbobbobb,x
xxbbobobb,o
xxbbboobb,o
xxobbbbob,o
xxbobbbob,o
xxbbobbob,d
xxbbbobob,o
xxbbbboob,o
xxobbbbbo,o
xxbobbbbo,o
xxbbobbbo,o
xxbbbobbo,o
xxbbbbobo,o
xxbbbbboo,o
xoxobbbbb,o
xoxbobbbb,o
xbxoobbbb,o
xoxbbobbb,o
xbxobobbb,o
xbxboobbb,o
xoxbbbobb,o
xbxobbobb,x
xbxbobobb,d
xbxbboobb,d
xoxbbbbob,o
xbxobbbob,x
xbxbobbob,o
xbxbbobob,x
xbxbbboob,o
xoxbbbbbo,o
xbxobbbbo,d
xbxbobbbo,d
xbxbbobbo,x
xbxbbbobo,o
xbxbbbboo,o
oxxobbbbb,o
oxxbobbbb,o
bxxoobbbb,o
oxxbbobbb,o
bxxobobbb,o
bxxboobbb,o
oxxbbbobb,o
bxxobbobb,o
bxxbobobb,o
bxxbboobb,o
oxxbbbbob,o
bxxobbbob,o
bxxbobbob,d
bxxbbobob,o
bxxbbboob,o
oxxbbbbbo,o
bxxobbbbo,o
bxxbobbbo,o
bxxbbobbo,x
bxxbbbobo,o
bxxbbbboo,o
xooxbbbbb,x
xobxobbbb,o
xboxobbbb,o
xobxbobbb,o
xboxbobbb,o
xbbxoobbb,d
xobxbbobb,o
xboxbbobb,o
xbbxobobb,o
xbbxboobb,o
xobxbbbob,o
xboxbbbob,o
xbbxobbob,o
xbbxbobob,o
xbbxbboob,o
xobxbbbbo,o
xboxbbbbo,o
xbbxobbbo,o
xbbxbobbo,o
xbbxbbobo,o
xbbxbbboo,o
oxoxbbbbb,o
oxbxobbbb,o
bxoxobbbb,o
oxbxbobbb,o
bxoxbobbb,o
bxbxoobbb,o
oxbxbbobb,o
bxoxbbobb,o
bxbxobobb,o
bxbxboobb,o
oxbxbbbob,o
bxoxbbbob,o
bxbxobbob,o
bxbxbobob,o
bxbxbboob,o
oxbxbbbbo,o
bxoxbbbbo,o
bxbxobbbo,o
bxbxbobbo,o
bxbxbbobo,o
bxbxbbboo,o
ooxxbbbbb,o
obxxobbbb,o
boxxobbbb,o
obxxbobbb,d
boxxbobbb,d
bbxxoobbb,d
obxxbbobb,o
boxxbbobb,o
bbxxobobb,o
bbxxboobb,d
obxxbbbob,o
boxxbbbob,o
bbxxobbob,o
bbxxbobob,d
bbxxbboob,o
obxxbbbbo,o
boxxbbbbo,o
bbxxobbbo,o
bbxxbobbo,d
bbxxbbobo,o
bbxxbbboo,o
xoobxbbbb,d
xoboxbbbb,d
xbooxbbbb,d
xobbxobbb,d
xbobxobbb,o
xbboxobbb,x
xobbxbobb,d
xbobxbobb,o
xbboxbobb,d
xbbbxoobb,o
xobbxbbob,x
xbobxbbob,o
xbboxbbob,d
xbbbxobob,o
xbbbxboob,o
xobbxbbbo,d
xbobxbbbo,o
xbboxbbbo,d
xbbbxobbo,o
xbbbxbobo,o
xbbbxbboo,o
oxobxbbbb,d
oxboxbbbb,o
bxooxbbbb,d
oxbbxobbb,d
bxobxobbb,o
bxboxobbb,x
oxbbxbobb,o
bxobxbobb,d
bxboxbobb,o
bxbbxoobb,d
oxbbxbbob,o
bxobxbbob,o
bxboxbbob,o
bxbbxobob,o
bxbbxboob,o
oxbbxbbbo,d
bxobxbbbo,o
bxboxbbbo,d
bxbbxobbo,o
bxbbxbobo,o
bxbbxbboo,o
ooxbxbbbb,d
obxoxbbbb,o
boxoxbbbb,d
obxbxobbb,d
boxbxobbb,d
bbxoxobbb,x
obxbxbobb,o
boxbxbobb,d
bbxoxbobb,o
bbxbxoobb,d
obxbxbbob,o
boxbxbbob,x
bbxoxbbob,o
bbxbxobob,d
bbxbxboob,o
obxbxbbbo,o
boxbxbbbo,d
bbxoxbbbo,o
bbxbxobbo,d
bbxbxbobo,o
bbxbxbboo,o
oobxxbbbb,o
oboxxbbbb,o
booxxbbbb,o
obbxxobbb,o
bobxxobbb,o
bboxxobbb,o
obbxxbobb,d
bobxxbobb,d
bboxxbobb,d
bbbxxoobb,o
obbxxbbob,d
bobxxbbob,x
bboxxbbob,d
bbbxxobob,o
bbbxxboob,o
obbxxbbbo,d
bobxxbbbo,d
bboxxbbbo,o
bbbxxobbo,o
bbbxxbobo,o
bbbxxbboo,o
xoobbxbbb,o
xobobxbbb,d
xboobxbbb,d
xobboxbbb,o
xboboxbbb,o
xbbooxbbb,d
xobbbxobb,o
xbobbxobb,o
xbbobxobb,d
xbbboxobb,o
xobbbxbob,o
xbobbxbob,o
xbbobxbob,d
xbbboxbob,o
xbbbbxoob,o
xobbbxbbo,o
xbobbxbbo,o
xbbobxbbo,d
xbbboxbbo,o
xbbbbxobo,o
xbbbbxboo,o
oxobbxbbb,o
oxbobxbbb,o
bxoobxbbb,o
oxbboxbbb,o
bxoboxbbb,o
bxbooxbbb,o
oxbbbxobb,o
bxobbxobb,o
bxbobxobb,o
bxbboxobb,o
oxbbbxbob,o
bxobbxbob,o
bxbobxbob,o
bxbboxbob,o
bxbbbxoob,o
oxbbbxbbo,o
bxobbxbbo,o
bxbobxbbo,o
bxbboxbbo,o
bxbbbxobo,o
bxbbbxboo,o
ooxbbxbbb,x
obxobxbbb,o
boxobxbbb,o
obxboxbbb,o
boxboxbbb,o
bbxooxbbb,d
obxbbxobb,o
boxbbxobb,o
bbxobxobb,o
bbxboxobb,o
obxbbxbob,o
boxbbxbob,o
bbxobxbob,o
bbxboxbob,o
bbxbbxoob,o
obxbbxbbo,o
boxbbxbbo,o
bbxobxbbo,o
bbxboxbbo,o
bbxbbxobo,o
bbxbbxboo,o
oobxbxbbb,o
oboxbxbbb,o
booxbxbbb,o
obbxoxbbb,o
bobxoxbbb,o
bboxoxbbb,o
obbxbxobb,o
bobxbxobb,o
bboxbxobb,o
bbbxoxobb,o
obbxbxbob,o
bobxbxbob,o
bboxbxbob,o
bbbxoxbob,o
bbbxbxoob,o
obbxbxbbo,o
bobxbxbbo,o
bboxbxbbo,o
bbbxoxbbo,o
bbbxbxobo,o
bbbxbxboo,o
oobbxxbbb,o
obobxxbbb,o
boobxxbbb,o
obboxxbbb,o
boboxxbbb,o
bbooxxbbb,o
obbbxxobb,o
bobbxxobb,d
bbobxxobb,d
bbboxxobb,o
obbbxxbob,d
bobbxxbob,x
bbobxxbob,d
bbboxxbob,o
bbbbxxoob,o
obbbxxbbo,d
bobbxxbbo,d
bbobxxbbo,d
bbboxxbbo,o
bbbbxxobo,o
bbbbxxboo,o
xoobbbxbb,x
xobobbxbb,o
xboobbxbb,o
xobbobxbb,o
xbobobxbb,d
xbboobxbb,o
xobbboxbb,x
xbobboxbb,o
xbboboxbb,o
xbbbooxbb,o
xobbbbxob,o
xbobbbxob,d
xbbobbxob,o
xbbbobxob,o
xbbbboxob,x
xobbbbxbo,d
xbobbbxbo,o
xbbobbxbo,o
xbbbobxbo,d
xbbbboxbo,o
xbbbbbxoo,x
oxobbbxbb,o
oxbobbxbb,o
bxoobbxbb,o
oxbbobxbb,o
bxobobxbb,o
bxboobxbb,o
oxbbboxbb,o
bxobboxbb,o
bxboboxbb,o
bxbbooxbb,o
oxbbbbxob,d
bxobbbxob,d
bxbobbxob,d
bxbbobxob,d
bxbbboxob,d
oxbbbbxbo,o
bxobbbxbo,o
bxbobbxbo,o
bxbbobxbo,o
bxbbboxbo,o
bxbbbbxoo,d
ooxbbbxbb,o
obxobbxbb,o
boxobbxbb,o
obxbobxbb,o
boxbobxbb,o
bbxoobxbb,o
obxbboxbb,o
boxbboxbb,o
bbxoboxbb,o
bbxbooxbb,o
obxbbbxob,o
boxbbbxob,o
bbxobbxob,o
bbxbobxob,o
bbxbboxob,o
obxbbbxbo,o
boxbbbxbo,o
bbxobbxbo,o
bbxbobxbo,o
bbxbboxbo,o
bbxbbbxoo,o
oobxbbxbb,o
oboxbbxbb,o
booxbbxbb,o
obbxobxbb,o
bobxobxbb,o
bboxobxbb,o
obbxboxbb,o
bobxboxbb,o
bboxboxbb,o
bbbxooxbb,d
obbxbbxob,o
bobxbbxob,o
bboxbbxob,o
bbbxobxob,o
bbbxboxob,o
obbxbbxbo,o
bobxbbxbo,o
bboxbbxbo,o
bbbxobxbo,o
bbbxboxbo,o
bbbxbbxoo,x
oobbxbxbb,o
obobxbxbb,o
boobxbxbb,o
obboxbxbb,d
boboxbxbb,d
bbooxbxbb,d
obbbxoxbb,o
bobbxoxbb,o
bbobxoxbb,o
bbboxoxbb,x
obbbxbxob,d
bobbxbxob,x
bbobxbxob,d
bbboxbxob,d
bbbbxoxob,d
obbbxbxbo,o
bobbxbxbo,o
bbobxbxbo,o
bbboxbxbo,d
bbbbxoxbo,o
bbbbxbxoo,d
oobbbxxbb,o
obobbxxbb,o
boobbxxbb,o
obbobxxbb,d
bobobxxbb,d
bboobxxbb,d
obbboxxbb,o
bobboxxbb,o
bboboxxbb,o
bbbooxxbb,d
obbbbxxob,o
bobbbxxob,o
bbobbxxob,o
bbbobxxob,d
bbbboxxob,o
obbbbxxbo,o
bobbbxxbo,o
bbobbxxbo,o
bbbobxxbo,d
bbbboxxbo,o
bbbbbxxoo,o
xoobbbbxb,d
xobobbbxb,d
xboobbbxb,o
xobbobbxb,d
xbobobbxb,o
xbboobbxb,o
xobbbobxb,d
xbobbobxb,o
xbbobobxb,o
xbbboobxb,o
xobbbboxb,d
xbobbboxb,o
xbbobboxb,o
xbbboboxb,o
xbbbbooxb,o
xobbbbbxo,d
xbobbbbxo,o
xbbobbbxo,o
xbbbobbxo,o
xbbbbobxo,o
xbbbbboxo,o
oxobbbbxb,o
oxbobbbxb,o
bxoobbbxb,o
oxbbobbxb,o
bxobobbxb,o
bxboobbxb,o
oxbbbobxb,o
bxobbobxb,o
bxbobobxb,o
bxbboobxb,o
oxbbbboxb,o
bxobbboxb,o
bxbobboxb,o
bxbboboxb,o
bxbbbooxb,o
oxbbbbbxo,o
bxobbbbxo,o
bxbobbbxo,o
bxbbobbxo,o
bxbbbobxo,o
bxbbbboxo,o
ooxbbbbxb,d
obxobbbxb,o
boxobbbxb,d
obxbobbxb,o
boxbobbxb,d
bbxoobbxb,o
obxbbobxb,o
boxbbobxb,d
bbxobobxb,o
bbxboobxb,o
obxbbboxb,o
boxbbboxb,d
bbxobboxb,o
bbxboboxb,o
bbxbbooxb,o
obxbbbbxo,o
boxbbbbxo,d
bbxobbbxo,o
bbxbobbxo,o
bbxbbobxo,o
bbxbbboxo,o
oobxbbbxb,o
oboxbbbxb,o
booxbbbxb,o
obbxobbxb,o
bobxobbxb,o
bboxobbxb,o
obbxbobxb,o
bobxbobxb,o
bboxbobxb,o
bbbxoobxb,o
obbxbboxb,o
bobxbboxb,o
bboxbboxb,o
bbbxoboxb,o
bbbxbooxb,o
obbxbbbxo,o
bobxbbbxo,o
bboxbbbxo,o
bbbxobbxo,o
bbbxbobxo,o
bbbxbboxo,o
oobbxbbxb,o
obobxbbxb,o
boobxbbxb,o
obboxbbxb,o
boboxbbxb,o
bbooxbbxb,d
obbbxobxb,d
bobbxobxb,o
bbobxobxb,o
bbboxobxb,x
obbbxboxb,o
bobbxboxb,o
bbobxboxb,d
bbboxboxb,o
bbbbxooxb,d
obbbxbbxo,d
bobbxbbxo,o
bbobxbbxo,o
bbboxbbxo,d
bbbbxobxo,o
bbbbxboxo,d
oobbbxbxb,o
obobbxbxb,o
boobbxbxb,o
obbobxbxb,o
bobobxbxb,o
bboobxbxb,o
obbboxbxb,o
bobboxbxb,o
bboboxbxb,o
bbbooxbxb,o
obbbbxoxb,o
bobbbxoxb,o
bbobbxoxb,o
bbbobxoxb,o
bbbboxoxb,o
obbbbxbxo,o
bobbbxbxo,o
bbobbxbxo,o
bbbobxbxo,o
bbbboxbxo,o
bbbbbxoxo,o
oobbbbxxb,o
obobbbxxb,o
boobbbxxb,o
obbobbxxb,x
bobobbxxb,o
bboobbxxb,o
obbbobxxb,o
bobbobxxb,d
bbobobxxb,o
bbboobxxb,o
obbbboxxb,o
bobbboxxb,o
bbobboxxb,o
bbboboxxb,o
bbbbooxxb,o
obbbbbxxo,o
bobbbbxxo,o
bbobbbxxo,o
bbbobbxxo,o
bbbbobxxo,o
bbbbboxxo,o
xoobbbbbx,o
xobobbbbx,o
xboobbbbx,o
xobbobbbx,o
xbobobbbx,o
xbboobbbx,o
xobbbobbx,o
xbobbobbx,o
xbbobobbx,o
xbbboobbx,o
xobbbbobx,o
xbobbbobx,o
xbbobbobx,o
xbbbobobx,o
xbbbboobx,o
xobbbbbox,o
xbobbbbox,o
xbbobbbox,o
xbbbobbox,o
xbbbbobox,o
xbbbbboox,o
oxobbbbbx,o
oxbobbbbx,o
bxoobbbbx,o
oxbbobbbx,o
bxobobbbx,o
bxboobbbx,o
oxbbbobbx,o
bxobbobbx,o
bxbobobbx,o
bxbboobbx,o
oxbbbbobx,o
bxobbbobx,o
bxbobbobx,o
bxbbobobx,o
bxbbboobx,o
oxbbbbbox,d
bxobbbbox,d
bxbobbbox,d
bxbbobbox,d
bxbbbobox,d
bxbbbboox,d
ooxbbbbbx,x
obxobbbbx,o
boxobbbbx,x
obxbobbbx,d
boxbobbbx,o
bbxoobbbx,o
obxbbobbx,o
boxbbobbx,o
bbxobobbx,o
bbxboobbx,o
obxbbbobx,o
boxbbbobx,d
bbxobbobx,o
bbxbobobx,d
bbxbboobx,o
obxbbbbox,d
boxbbbbox,o
bbxobbbox,x
bbxbobbox,o
bbxbbobox,o
bbxbbboox,x
oobxbbbbx,o
oboxbbbbx,o
booxbbbbx,o
obbxobbbx,o
bobxobbbx,o
bboxobbbx,o
obbxbobbx,d
bobxbobbx,d
bboxbobbx,d
bbbxoobbx,d
obbxbbobx,o
bobxbbobx,o
bboxbbobx,o
bbbxobobx,o
bbbxboobx,d
obbxbbbox,o
bobxbbbox,o
bboxbbbox,o
bbbxobbox,o
bbbxbobox,d
bbbxbboox,o
oobbxbbbx,o
obobxbbbx,o
boobxbbbx,o
obboxbbbx,o
boboxbbbx,o
bbooxbbbx,o
obbbxobbx,d
bobbxobbx,d
bbobxobbx,d
bbboxobbx,x
obbbxbobx,o
bobbxbobx,o
bbobxbobx,o
bbboxbobx,o
bbbbxoobx,d
obbbxbbox,d
bobbxbbox,x
bbobxbbox,d
bbboxbbox,d
bbbbxobox,d
bbbbxboox,d
oobbbxbbx,o
obobbxbbx,o
boobbxbbx,o
obbobxbbx,o
bobobxbbx,o
bboobxbbx,o
obbboxbbx,o
bobboxbbx,o
bboboxbbx,o
bbbooxbbx,d
obbbbxobx,o
bobbbxobx,o
bbobbxobx,o
bbbobxobx,o
bbbboxobx,o
obbbbxbox,o
bobbbxbox,o
bbobbxbox,o
bbbobxbox,o
bbbboxbox,o
bbbbbxoox,x
oobbbbxbx,o
obobbbxbx,o
boobbbxbx,o
obbobbxbx,x
bobobbxbx,x
bboobbxbx,d
obbbobxbx,d
bobbobxbx,o
bbobobxbx,d
bbboobxbx,o
obbbboxbx,d
bobbboxbx,x
bbobboxbx,x
bbboboxbx,o
bbbbooxbx,o
obbbbbxox,o
bobbbbxox,o
bbobbbxox,o
bbbobbxox,o
bbbbobxox,o
bbbbboxox,o
oobbbbbxx,o
obobbbbxx,o
boobbbbxx,o
obbobbbxx,o
bobobbbxx,o
bboobbbxx,o
obbbobbxx,o
bobbobbxx,d
bbobobbxx,o
bbboobbxx,o
obbbbobxx,o
bobbbobxx,o
bbobbobxx,x
bbbobobxx,o
bbbboobxx,o
obbbbboxx,o
bobbbboxx,o
bbobbboxx,o
bbbobboxx,o
bbbboboxx,o
bbbbbooxx,o
xxooobbbb,o
xxoobobbb,o
xxoboobbb,o
xxbooobbb,o
xxoobbobb,x
xxobobobb,o
xxboobobb,x
xxobboobb,o
xxboboobb,x
xxbbooobb,x
xxoobbbob,o
xxobobbob,d
xxboobbob,x
xxobbobob,o
xxbobobob,x
xxbboobob,x
xxobbboob,o
xxbobboob,x
xxbboboob,x
xxbbbooob,x
xxoobbbbo,o
xxobobbbo,o
xxboobbbo,x
xxobbobbo,o
xxbobobbo,x
xxbboobbo,x
xxobbbobo,o
xxbobbobo,x
xxbbobobo,x
xxbbboobo,x
xxobbbboo,o
xxbobbboo,x
xxbbobboo,x
xxbbboboo,x
xxbbbbooo,o
xoxoobbbb,o
xoxobobbb,x
xoxboobbb,o
xbxooobbb,o
xoxobbobb,x
xoxbobobb,d
xbxoobobb,x
xoxbboobb,d
xbxoboobb,x
xbxbooobb,x
xoxobbbob,x
xoxbobbob,o
xbxoobbob,x
xoxbbobob,x
xbxobobob,x
xbxboobob,x
xoxbbboob,o
xbxobboob,x
xbxboboob,x
xbxbbooob,x
xoxobbbbo,d
xoxbobbbo,d
xbxoobbbo,x
xoxbbobbo,x
xbxobobbo,x
xbxboobbo,x
xoxbbbobo,d
xbxobbobo,x
xbxbobobo,x
xbxbboobo,x
xoxbbbboo,o
xbxobbboo,x
xbxbobboo,x
xbxbboboo,x
xbxbbbooo,o
oxxoobbbb,o
oxxobobbb,o
oxxboobbb,o
bxxooobbb,o
oxxobbobb,o
oxxbobobb,o
bxxoobobb,x
oxxbboobb,o
bxxoboobb,x
bxxbooobb,x
oxxobbbob,o
oxxbobbob,d
bxxoobbob,x
oxxbbobob,o
bxxobobob,x
bxxboobob,x
oxxbbboob,o
bxxobboob,x
bxxboboob,x
bxxbbooob,x
oxxobbbbo,o
oxxbobbbo,o
bxxoobbbo,x
oxxbbobbo,x
bxxobobbo,x
bxxboobbo,x
oxxbbbobo,o
bxxobbobo,x
bxxbobobo,x
bxxbboobo,x
oxxbbbboo,o
bxxobbboo,x
bxxbobboo,x
bxxbboboo,x
bxxbbbooo,o
xooxobbbb,x
xooxbobbb,x
xobxoobbb,x
xboxoobbb,x
xooxbbobb,x
xobxobobb,o
xboxobobb,o
xobxboobb,o
xboxboobb,o
xbbxooobb,d
xooxbbbob,x
xobxobbob,o
xboxobbob,x
xobxbobob,x
xboxbobob,x
xbbxoobob,x
xobxbboob,o
xboxbboob,o
xbbxoboob,o
xbbxbooob,o
xooxbbbbo,x
xobxobbbo,x
xboxobbbo,x
xobxbobbo,x
xboxbobbo,o
xbbxoobbo,x
xobxbbobo,o
xboxbbobo,o
xbbxobobo,o
xbbxboobo,o
xobxbbboo,x
xboxbbboo,x
xbbxobboo,x
xbbxboboo,x
xbbxbbooo,o
oxoxobbbb,o
oxoxbobbb,d
oxbxoobbb,d
bxoxoobbb,o
oxoxbbobb,x
oxbxobobb,o
bxoxobobb,o
oxbxboobb,d
bxoxboobb,o
bxbxooobb,d
oxoxbbbob,d
oxbxobbob,d
bxoxobbob,d
oxbxbobob,d
bxoxbobob,d
bxbxoobob,x
oxbxbboob,d
bxoxbboob,o
bxbxoboob,o
bxbxbooob,d
oxoxbbbbo,o
oxbxobbbo,o
bxoxobbbo,o
oxbxbobbo,o
bxoxbobbo,o
bxbxoobbo,o
oxbxbbobo,o
bxoxbbobo,o
bxbxobobo,o
bxbxboobo,o
oxbxbbboo,o
bxoxbbboo,o
bxbxobboo,o
bxbxboboo,o
bxbxbbooo,o
ooxxobbbb,o
ooxxbobbb,d
obxxoobbb,d
boxxoobbb,d
ooxxbbobb,x
obxxobobb,d
boxxobobb,d
obxxboobb,d
boxxboobb,d
bbxxooobb,d
ooxxbbbob,x
obxxobbob,o
boxxobbob,o
obxxbobob,d
boxxbobob,d
bbxxoobob,d
obxxbboob,d
boxxbboob,o
bbxxoboob,o
bbxxbooob,d
ooxxbbbbo,x
obxxobbbo,o
boxxobbbo,o
obxxbobbo,d
boxxbobbo,x
bbxxoobbo,x
obxxbbobo,o
boxxbbobo,d
bbxxobobo,o
bbxxboobo,d
obxxbbboo,o
boxxbbboo,o
bbxxobboo,o
bbxxboboo,x
bbxxbbooo,o
xoooxbbbb,x
xoobxobbb,x
xoboxobbb,x
xbooxobbb,x
xoobxbobb,x
xoboxbobb,x
xbooxbobb,x
xobbxoobb,x
xbobxoobb,x
xbboxoobb,x
xoobxbbob,x
xoboxbbob,x
xbooxbbob,x
xobbxobob,x
xbobxobob,x
xbboxobob,x
xobbxboob,x
xbobxboob,x
xbboxboob,x
xbbbxooob,x
xoobxbbbo,d
xoboxbbbo,d
xbooxbbbo,d
xobbxobbo,d
xbobxobbo,o
xbboxobbo,x
xobbxbobo,d
xbobxbobo,o
xbboxbobo,d
xbbbxoobo,o
xobbxbboo,x
xbobxbboo,o
xbboxbboo,d
xbbbxoboo,o
xbbbxbooo,o
oxooxbbbb,x
oxobxobbb,x
oxboxobbb,x
bxooxobbb,x
oxobxbobb,x
oxboxbobb,o
bxooxbobb,x
oxbbxoobb,x
bxobxoobb,x
bxboxoobb,x
oxobxbbob,d
oxboxbbob,d
bxooxbbob,d
oxbbxobob,d
bxobxobob,d
bxboxobob,x
oxbbxboob,o
bxobxboob,d
bxboxboob,o
bxbbxooob,d
oxobxbbbo,x
oxboxbbbo,x
bxooxbbbo,x
oxbbxobbo,x
bxobxobbo,o
bxboxobbo,x
oxbbxbobo,x
bxobxbobo,x
bxboxbobo,x
bxbbxoobo,x
oxbbxbboo,d
bxobxbboo,o
bxboxbboo,d
bxbbxoboo,o
bxbbxbooo,o
ooxoxbbbb,x
ooxbxobbb,x
obxoxobbb,x
boxoxobbb,x
ooxbxbobb,d
obxoxbobb,o
boxoxbobb,d
obxbxoobb,d
boxbxoobb,d
bbxoxoobb,x
ooxbxbbob,x
obxoxbbob,x
boxoxbbob,x
obxbxobob,x
boxbxobob,x
bbxoxobob,x
obxbxboob,o
boxbxboob,x
bbxoxboob,o
bbxbxooob,d
ooxbxbbbo,x
obxoxbbbo,x
boxoxbbbo,x
obxbxobbo,x
boxbxobbo,x
bbxoxobbo,x
obxbxbobo,o
boxbxbobo,d
bbxoxbobo,o
bbxbxoobo,d
obxbxbboo,x
boxbxbboo,x
bbxoxbboo,x
bbxbxoboo,x
bbxbxbooo,o
oooxxbbbb,o
oobxxobbb,d
oboxxobbb,o
booxxobbb,o
oobxxbobb,x
oboxxbobb,x
booxxbobb,x
obbxxoobb,d
bobxxoobb,d
bboxxoobb,d
oobxxbbob,x
oboxxbbob,x
booxxbbob,x
obbxxobob,d
bobxxobob,x
bboxxobob,d
obbxxboob,x
bobxxboob,x
bboxxboob,x
bbbxxooob,d
oobxxbbbo,x
oboxxbbbo,x
booxxbbbo,x
obbxxobbo,d
bobxxobbo,d
bboxxobbo,o
obbxxbobo,x
bobxxbobo,x
bboxxbobo,x
bbbxxoobo,o
obbxxbboo,x
bobxxbboo,x
bboxxbboo,x
bbbxxoboo,o
bbbxxbooo,o
xooobxbbb,d
xooboxbbb,o
xobooxbbb,d
xboooxbbb,d
xoobbxobb,x
xobobxobb,x
xboobxobb,d
xobboxobb,o
xboboxobb,o
xbbooxobb,x
xoobbxbob,x
xobobxbob,d
xboobxbob,d
xobboxbob,o
xboboxbob,o
xbbooxbob,d
xobbbxoob,o
xbobbxoob,o
xbbobxoob,x
xbbboxoob,o
xoobbxbbo,x
xobobxbbo,d
xboobxbbo,d
xobboxbbo,d
xboboxbbo,d
xbbooxbbo,d
xobbbxobo,d
xbobbxobo,o
xbbobxobo,d
xbbboxobo,o
xobbbxboo,o
xbobbxboo,d
xbbobxboo,d
xbbboxboo,o
xbbbbxooo,o
oxoobxbbb,d
oxoboxbbb,o
oxbooxbbb,o
bxoooxbbb,d
oxobbxobb,o
oxbobxobb,o
bxoobxobb,o
oxbboxobb,o
bxoboxobb,o
bxbooxobb,o
oxobbxbob,d
oxbobxbob,d
bxoobxbob,d
oxbboxbob,d
bxoboxbob,d
bxbooxbob,x
oxbbbxoob,o
bxobbxoob,o
bxbobxoob,o
bxbboxoob,o
oxobbxbbo,x
oxbobxbbo,o
bxoobxbbo,d
oxbboxbbo,o
bxoboxbbo,o
bxbooxbbo,d
oxbbbxobo,o
bxobbxobo,o
bxbobxobo,o
bxbboxobo,o
oxbbbxboo,o
bxobbxboo,d
bxbobxboo,d
bxbboxboo,o
bxbbbxooo,o
ooxobxbbb,x
ooxboxbbb,x
obxooxbbb,x
boxooxbbb,x
ooxbbxobb,x
obxobxobb,o
boxobxobb,x
obxboxobb,x
boxboxobb,x
bbxooxobb,x
ooxbbxbob,x
obxobxbob,x
boxobxbob,x
obxboxbob,x
boxboxbob,o
bbxooxbob,x
obxbbxoob,x
boxbbxoob,x
bbxobxoob,x
bbxboxoob,x
ooxbbxbbo,x
obxobxbbo,o
boxobxbbo,o
obxboxbbo,o
boxboxbbo,o
bbxooxbbo,d
obxbbxobo,o
boxbbxobo,o
bbxobxobo,o
bbxboxobo,o
obxbbxboo,o
boxbbxboo,o
bbxobxboo,o
bbxboxboo,o
bbxbbxooo,o
oooxbxbbb,o
oobxoxbbb,o
oboxoxbbb,o
booxoxbbb,o
oobxbxobb,x
oboxbxobb,x
booxbxobb,x
obbxoxobb,o
bobxoxobb,o
bboxoxobb,o
oobxbxbob,x
oboxbxbob,x
booxbxbob,x
obbxoxbob,o
bobxoxbob,o
bboxoxbob,o
obbxbxoob,x
bobxbxoob,x
bboxbxoob,x
bbbxoxoob,o
oobxbxbbo,x
oboxbxbbo,x
booxbxbbo,x
obbxoxbbo,o
bobxoxbbo,o
bboxoxbbo,o
obbxbxobo,x
bobxbxobo,x
bboxbxobo,x
bbbxoxobo,o
obbxbxboo,x
bobxbxboo,x
bboxbxboo,x
bbbxoxboo,o
bbbxbxooo,o
ooobxxbbb,o
ooboxxbbb,o
obooxxbbb,o
boooxxbbb,d
oobbxxobb,x
obobxxobb,x
boobxxobb,x
obboxxobb,o
boboxxobb,d
bbooxxobb,d
oobbxxbob,x
obobxxbob,x
boobxxbob,x
obboxxbob,d
boboxxbob,x
bbooxxbob,d
obbbxxoob,x
bobbxxoob,x
bbobxxoob,x
bbboxxoob,o
oobbxxbbo,x
obobxxbbo,x
boobxxbbo,x
obboxxbbo,d
boboxxbbo,d
bbooxxbbo,d
obbbxxobo,x
bobbxxobo,x
bbobxxobo,x
bbboxxobo,o
obbbxxboo,x
bobbxxboo,x
bbobxxboo,x
bbboxxboo,d
bbbbxxooo,o
xooobbxbb,x
xoobobxbb,x
xoboobxbb,o
xbooobxbb,d
xoobboxbb,x
xoboboxbb,x
xbooboxbb,o
xobbooxbb,x
xbobooxbb,x
xbboooxbb,o
xoobbbxob,x
xobobbxob,x
xboobbxob,d
xobbobxob,o
xbobobxob,x
xbboobxob,o
xobbboxob,x
xbobboxob,x
xbboboxob,x
xbbbooxob,x
xoobbbxbo,x
xobobbxbo,d
xboobbxbo,d
xobbobxbo,x
xbobobxbo,x
xbboobxbo,d
xobbboxbo,x
xbobboxbo,o
xbboboxbo,o
xbbbooxbo,x
xobbbbxoo,x
xbobbbxoo,x
xbbobbxoo,x
xbbbobxoo,x
xbbbboxoo,x
oxoobbxbb,x
oxobobxbb,d
oxboobxbb,o
bxooobxbb,d
oxobboxbb,d
oxboboxbb,x
bxooboxbb,o
oxbbooxbb,o
bxobooxbb,o
bxboooxbb,o
oxobbbxob,d
oxbobbxob,d
bxoobbxob,d
oxbbobxob,d
bxobobxob,d
bxboobxob,d
oxbbboxob,d
bxobboxob,d
bxboboxob,d
bxbbooxob,d
oxobbbxbo,o
oxbobbxbo,x
bxoobbxbo,d
oxbbobxbo,o
bxobobxbo,o
bxboobxbo,o
oxbbboxbo,o
bxobboxbo,o
bxboboxbo,o
bxbbooxbo,o
oxbbbbxoo,d
bxobbbxoo,d
bxbobbxoo,x
bxbbobxoo,x
bxbbboxoo,x
ooxobbxbb,x
ooxbobxbb,o
obxoobxbb,o
boxoobxbb,o
ooxbboxbb,x
obxoboxbb,x
boxoboxbb,x
obxbooxbb,o
boxbooxbb,o
bbxoooxbb,o
ooxbbbxob,x
obxobbxob,x
boxobbxob,x
obxbobxob,o
boxbobxob,o
bbxoobxob,o
obxbboxob,x
boxbboxob,x
bbxoboxob,x
bbxbooxob,o
ooxbbbxbo,x
obxobbxbo,x
boxobbxbo,x
obxbobxbo,o
boxbobxbo,o
bbxoobxbo,o
obxbboxbo,x
boxbboxbo,x
bbxoboxbo,x
bbxbooxbo,o
obxbbbxoo,x
boxbbbxoo,x
bbxobbxoo,x
bbxbobxoo,o
bbxbboxoo,x
oooxbbxbb,o
oobxobxbb,o
oboxobxbb,o
booxobxbb,x
oobxboxbb,o
oboxboxbb,o
booxboxbb,x
obbxooxbb,d
bobxooxbb,x
bboxooxbb,x
oobxbbxob,o
oboxbbxob,o
booxbbxob,x
obbxobxob,o
bobxobxob,o
bboxobxob,x
obbxboxob,o
bobxboxob,x
bboxboxob,x
bbbxooxob,x
oobxbbxbo,o
oboxbbxbo,o
booxbbxbo,x
obbxobxbo,o
bobxobxbo,x
bboxobxbo,x
obbxboxbo,o
bobxboxbo,x
bboxboxbo,o
bbbxooxbo,x
obbxbbxoo,x
bobxbbxoo,x
bboxbbxoo,x
bbbxobxoo,x
bbbxboxoo,x
ooobxbxbb,o
ooboxbxbb,x
obooxbxbb,d
boooxbxbb,d
oobbxoxbb,x
obobxoxbb,o
boobxoxbb,o
obboxoxbb,x
boboxoxbb,x
bbooxoxbb,x
oobbxbxob,x
obobxbxob,d
boobxbxob,x
obboxbxob,x
boboxbxob,x
bbooxbxob,d
obbbxoxob,x
bobbxoxob,x
bbobxoxob,d
bbboxoxob,x
oobbxbxbo,x
obobxbxbo,o
boobxbxbo,o
obboxbxbo,x
boboxbxbo,x
bbooxbxbo,d
obbbxoxbo,x
bobbxoxbo,x
bbobxoxbo,o
bbboxoxbo,x
obbbxbxoo,x
bobbxbxoo,x
bbobxbxoo,d
bbboxbxoo,x
bbbbxoxoo,x
ooobbxxbb,o
oobobxxbb,x
oboobxxbb,d
booobxxbb,d
oobboxxbb,o
oboboxxbb,o
booboxxbb,o
obbooxxbb,x
bobooxxbb,d
bboooxxbb,d
oobbbxxob,o
obobbxxob,d
boobbxxob,o
obbobxxob,x
bobobxxob,d
bboobxxob,d
obbboxxob,o
bobboxxob,o
bboboxxob,d
bbbooxxob,d
oobbbxxbo,o
obobbxxbo,o
boobbxxbo,d
obbobxxbo,d
bobobxxbo,d
bboobxxbo,d
obbboxxbo,o
bobboxxbo,o
bboboxxbo,d
bbbooxxbo,d
obbbbxxoo,x
bobbbxxoo,x
bbobbxxoo,x
bbbobxxoo,d
bbbboxxoo,o
xooobbbxb,x
xoobobbxb,x
xoboobbxb,d
xbooobbxb,o
xoobbobxb,x
xobobobxb,d
xboobobxb,o
xobboobxb,d
xboboobxb,o
xbbooobxb,o
xoobbboxb,d
xobobboxb,d
xboobboxb,x
xobboboxb,d
xboboboxb,o
xbbooboxb,o
xobbbooxb,d
xbobbooxb,o
xbbobooxb,x
xbbboooxb,o
xoobbbbxo,d
xobobbbxo,d
xboobbbxo,d
xobbobbxo,d
xbobobbxo,o
xbboobbxo,d
xobbbobxo,d
xbobbobxo,o
xbbobobxo,o
xbbboobxo,o
xobbbboxo,d
xbobbboxo,o
xbbobboxo,x
xbbboboxo,d
xbbbbooxo,d
oxoobbbxb,x
oxobobbxb,o
oxboobbxb,o
bxooobbxb,o
oxobbobxb,x
oxbobobxb,x
bxoobobxb,x
oxbboobxb,o
bxoboobxb,o
bxbooobxb,o
oxobbboxb,x
oxbobboxb,o
bxoobboxb,x
oxbboboxb,o
bxoboboxb,o
bxbooboxb,o
oxbbbooxb,x
bxobbooxb,x
bxbobooxb,x
bxbboooxb,o
oxobbbbxo,x
oxbobbbxo,x
bxoobbbxo,x
oxbbobbxo,o
bxobobbxo,o
bxboobbxo,o
oxbbbobxo,x
bxobbobxo,o
bxbobobxo,x
bxbboobxo,o
oxbbbboxo,x
bxobbboxo,x
bxbobboxo,x
bxbboboxo,o
bxbbbooxo,x
ooxobbbxb,x
ooxbobbxb,x
obxoobbxb,o
boxoobbxb,d
ooxbbobxb,x
obxobobxb,o
boxobobxb,d
obxboobxb,o
boxboobxb,d
bbxooobxb,o
ooxbbboxb,d
obxobboxb,o
boxobboxb,d
obxboboxb,o
boxboboxb,d
bbxooboxb,o
obxbbooxb,d
boxbbooxb,d
bbxobooxb,o
bbxboooxb,d
ooxbbbbxo,d
obxobbbxo,o
boxobbbxo,d
obxbobbxo,o
boxbobbxo,d
bbxoobbxo,o
obxbbobxo,x
boxbbobxo,d
bbxobobxo,x
bbxboobxo,o
obxbbboxo,o
boxbbboxo,d
bbxobboxo,d
bbxboboxo,d
bbxbbooxo,x
oooxbbbxb,o
oobxobbxb,o
oboxobbxb,o
booxobbxb,o
oobxbobxb,d
oboxbobxb,o
booxbobxb,o
obbxoobxb,d
bobxoobxb,x
bboxoobxb,o
oobxbboxb,d
oboxbboxb,o
booxbboxb,o
obbxoboxb,o
bobxoboxb,d
bboxoboxb,o
obbxbooxb,d
bobxbooxb,d
bboxbooxb,o
bbbxoooxb,d
oobxbbbxo,o
oboxbbbxo,o
booxbbbxo,o
obbxobbxo,o
bobxobbxo,d
bboxobbxo,o
obbxbobxo,o
bobxbobxo,d
bboxbobxo,o
bbbxoobxo,o
obbxbboxo,x
bobxbboxo,d
bboxbboxo,o
bbbxoboxo,o
bbbxbooxo,d
ooobxbbxb,o
ooboxbbxb,o
obooxbbxb,x
boooxbbxb,d
oobbxobxb,d
obobxobxb,x
boobxobxb,o
obboxobxb,x
boboxobxb,x
bbooxobxb,x
oobbxboxb,o
obobxboxb,x
boobxboxb,d
obboxboxb,o
boboxboxb,d
bbooxboxb,x
obbbxooxb,x
bobbxooxb,d
bbobxooxb,x
bbboxooxb,x
oobbxbbxo,d
obobxbbxo,x
boobxbbxo,o
obboxbbxo,x
boboxbbxo,d
bbooxbbxo,x
obbbxobxo,x
bobbxobxo,d
bbobxobxo,o
bbboxobxo,x
obbbxboxo,x
bobbxboxo,d
bbobxboxo,x
bbboxboxo,x
bbbbxooxo,x
ooobbxbxb,o
oobobxbxb,o
oboobxbxb,o
booobxbxb,d
oobboxbxb,o
oboboxbxb,o
booboxbxb,o
obbooxbxb,o
bobooxbxb,x
bboooxbxb,d
oobbbxoxb,o
obobbxoxb,o
boobbxoxb,o
obbobxoxb,o
bobobxoxb,d
bboobxoxb,o
obbboxoxb,o
bobboxoxb,d
bboboxoxb,o
bbbooxoxb,o
oobbbxbxo,o
obobbxbxo,o
boobbxbxo,d
obbobxbxo,o
bobobxbxo,d
bboobxbxo,d
obbboxbxo,o
bobboxbxo,d
bboboxbxo,o
bbbooxbxo,d
obbbbxoxo,o
bobbbxoxo,d
bbobbxoxo,x
bbbobxoxo,d
bbbboxoxo,o
ooobbbxxb,o
oobobbxxb,x
oboobbxxb,x
booobbxxb,x
oobbobxxb,x
obobobxxb,x
boobobxxb,x
obboobxxb,x
boboobxxb,x
bbooobxxb,x
oobbboxxb,x
obobboxxb,x
boobboxxb,x
obboboxxb,x
boboboxxb,x
bbooboxxb,x
obbbooxxb,x
bobbooxxb,x
bbobooxxb,x
bbboooxxb,o
oobbbbxxo,o
obobbbxxo,o
boobbbxxo,o
obbobbxxo,x
bobobbxxo,o
bboobbxxo,o
obbbobxxo,o
bobbobxxo,d
bbobobxxo,o
bbboobxxo,o
obbbboxxo,o
bobbboxxo,o
bbobboxxo,o
bbboboxxo,o
bbbbooxxo,o
xooobbbbx,x
xoobobbbx,o
xoboobbbx,o
xbooobbbx,o
xoobbobbx,x
xobobobbx,x
xboobobbx,x
xobboobbx,o
xboboobbx,o
xbbooobbx,o
xoobbbobx,x
xobobbobx,x
xboobbobx,x
xobbobobx,o
xbobobobx,o
xbboobobx,o
xobbboobx,x
xbobboobx,x
xbboboobx,x
xbbbooobx,o
xoobbbbox,x
xobobbbox,x
xboobbbox,x
xobbobbox,o
xbobobbox,o
xbboobbox,o
xobbbobox,x
xbobbobox,x
xbbobobox,x
xbbboobox,o
xobbbboox,x
xbobbboox,x
xbbobboox,x
xbbboboox,o
xbbbbooox,x
oxoobbbbx,d
oxobobbbx,d
oxboobbbx,o
bxooobbbx,o
oxobbobbx,x
oxbobobbx,o
bxoobobbx,x
oxbboobbx,d
bxoboobbx,o
bxbooobbx,o
oxobbbobx,o
oxbobbobx,o
bxoobbobx,o
oxbbobobx,o
bxobobobx,o
bxboobobx,o
oxbbboobx,d
bxobboobx,x
bxboboobx,o
bxbbooobx,o
oxobbbbox,d
oxbobbbox,d
bxoobbbox,d
oxbbobbox,d
bxobobbox,d
bxboobbox,d
oxbbbobox,d
bxobbobox,d
bxbobobox,d
bxbboobox,d
oxbbbboox,d
bxobbboox,d
bxbobboox,x
bxbboboox,x
bxbbbooox,x
ooxobbbbx,x
ooxbobbbx,x
obxoobbbx,x
boxoobbbx,x
ooxbbobbx,x
obxobobbx,o
boxobobbx,x
obxboobbx,d
boxboobbx,o
bbxooobbx,o
ooxbbbobx,x
obxobbobx,o
boxobbobx,x
obxbobobx,x
boxbobobx,x
bbxoobobx,x
obxbboobx,d
boxbboobx,d
bbxoboobx,o
bbxbooobx,d
ooxbbbbox,x
obxobbbox,x
boxobbbox,x
obxbobbox,x
boxbobbox,o
bbxoobbox,x
obxbbobox,d
boxbbobox,x
bbxobobox,x
bbxboobox,o
obxbbboox,x
boxbbboox,x
bbxobboox,x
bbxboboox,x
bbxbbooox,x
oooxbbbbx,o
oobxobbbx,o
oboxobbbx,o
booxobbbx,o
oobxbobbx,d
oboxbobbx,d
booxbobbx,x
obbxoobbx,d
bobxoobbx,d
bboxoobbx,x
oobxbbobx,d
oboxbbobx,o
booxbbobx,o
obbxobobx,d
bobxobobx,o
bboxobobx,o
obbxboobx,d
bobxboobx,d
bboxboobx,d
bbbxooobx,d
oobxbbbox,o
oboxbbbox,d
booxbbbox,o
obbxobbox,d
bobxobbox,o
bboxobbox,o
obbxbobox,d
bobxbobox,d
bboxbobox,x
bbbxoobox,d
obbxbboox,x
bobxbboox,x
bboxbboox,x
bbbxoboox,o
bbbxbooox,d
ooobxbbbx,o
ooboxbbbx,o
obooxbbbx,o
boooxbbbx,x
oobbxobbx,d
obobxobbx,d
boobxobbx,x
obboxobbx,x
boboxobbx,x
bbooxobbx,x
oobbxbobx,o
obobxbobx,o
boobxbobx,x
obboxbobx,o
boboxbobx,x
bbooxbobx,x
obbbxoobx,d
bobbxoobx,x
bbobxoobx,x
bbboxoobx,x
oobbxbbox,x
obobxbbox,d
boobxbbox,x
obboxbbox,d
boboxbbox,x
bbooxbbox,x
obbbxobox,d
bobbxobox,x
bbobxobox,x
bbboxobox,x
obbbxboox,d
bobbxboox,x
bbobxboox,x
bbboxboox,x
bbbbxooox,x
ooobbxbbx,o
oobobxbbx,x
oboobxbbx,o
booobxbbx,o
oobboxbbx,x
oboboxbbx,o
booboxbbx,o
obbooxbbx,x
bobooxbbx,x
bboooxbbx,d
oobbbxobx,x
obobbxobx,o
boobbxobx,o
obbobxobx,o
bobobxobx,x
bboobxobx,o
obbboxobx,x
bobboxobx,x
bboboxobx,o
bbbooxobx,x
oobbbxbox,x
obobbxbox,o
boobbxbox,o
obbobxbox,x
bobobxbox,x
bboobxbox,o
obbboxbox,x
bobboxbox,o
bboboxbox,o
bbbooxbox,x
obbbbxoox,x
bobbbxoox,x
bbobbxoox,x
bbbobxoox,x
bbbboxoox,x
ooobbbxbx,o
oobobbxbx,x
oboobbxbx,x
booobbxbx,x
oobbobxbx,x
obobobxbx,x
boobobxbx,x
obboobxbx,x
boboobxbx,x
bbooobxbx,x
oobbboxbx,x
obobboxbx,x
boobboxbx,x
obboboxbx,x
boboboxbx,x
bbooboxbx,x
obbbooxbx,x
bobbooxbx,x
bbobooxbx,x
bbboooxbx,o
oobbbbxox,o
obobbbxox,d
boobbbxox,o
obbobbxox,x
bobobbxox,x
bboobbxox,d
obbbobxox,d
bobbobxox,o
bbobobxox,d
bbboobxox,o
obbbboxox,d
bobbboxox,x
bbobboxox,x
bbboboxox,x
bbbbooxox,o
ooobbbbxx,o
oobobbbxx,x
oboobbbxx,x
booobbbxx,x
oobbobbxx,x
obobobbxx,x
boobobbxx,x
obboobbxx,x
boboobbxx,x
bbooobbxx,x
oobbbobxx,x
obobbobxx,x
boobbobxx,x
obbobobxx,x
bobobobxx,x
bboobobxx,x
obbboobxx,x
bobboobxx,x
bboboobxx,x
bbbooobxx,o
oobbbboxx,o
obobbboxx,o
boobbboxx,o
obbobboxx,o
bobobboxx,o
bboobboxx,o
obbboboxx,o
bobboboxx,d
bboboboxx,o
bbbooboxx,o
obbbbooxx,o
bobbbooxx,o
bbobbooxx,x
bbbobooxx,o
bbbboooxx,o
xxxoobobb,x
xxxoboobb,x
xxxbooobb,x
xxxoobbob,x
xxxobobob,x
xxxboobob,x
xxxobboob,x
xxxboboob,x
xxxbbooob,x
xxxoobbbo,x
xxxobobbo,x
xxxboobbo,x
xxxobbobo,x
xxxbobobo,x
xxxbboobo,x
xxxobbboo,x
xxxbobboo,x
xxxbboboo,x
xxoxoobbb,o
xxoxboobb,o
xxbxooobb,o
xxoxobbob,o
xxoxbobob,o
xxbxoobob,x
xxoxbboob,o
xxbxoboob,o
xxbxbooob,o
xxoxobbbo,o
xxbxoobbo,o
xxoxbbobo,o
xxbxobobo,o
xxbxboobo,o
xxoxbbboo,o
xxbxobboo,o
xxbxboboo,o
xoxxoobbb,o
xoxxobobb,o
xoxxboobb,o
xbxxooobb,d
xoxxbobob,o
xbxxoobob,o
xoxxbboob,o
xbxxoboob,o
xbxxbooob,o
xoxxobbbo,o
xoxxbobbo,d
xbxxoobbo,x
xoxxbbobo,o
xbxxobobo,o
xbxxboobo,o
xoxxbbboo,o
xbxxobboo,o
xbxxboboo,o
oxxxoobbb,o
oxxxobobb,o
oxxxboobb,o
bxxxooobb,d
oxxxobbob,o
oxxxbobob,o
bxxxoobob,d
oxxxbboob,o
bxxxoboob,o
bxxxbooob,o
oxxxbobbo,o
bxxxoobbo,o
oxxxbbobo,o
bxxxobobo,o
bxxxboobo,o
oxxxbbboo,o
bxxxobboo,o
bxxxboboo,o
xxooxobbb,o
xxooxbobb,x
xxobxoobb,o
xxboxoobb,x
xxooxbbob,o
xxobxobob,o
xxboxobob,x
xxobxboob,o
xxboxboob,o
xxbbxooob,o
xxooxbbbo,o
xxboxobbo,o
xxobxbobo,o
xxboxbobo,o
xxbbxoobo,o
xxobxbboo,o
xxboxbboo,o
xxbbxoboo,o
xoxoxobbb,x
xoxoxbobb,d
xoxbxoobb,d
xbxoxoobb,x
xoxoxbbob,x
xoxbxobob,x
xbxoxobob,x
xoxbxboob,o
xbxoxboob,o
xbxbxooob,o
xoxoxbbbo,d
xoxbxobbo,d
xbxoxobbo,x
xoxbxbobo,o
xbxoxbobo,o
xbxbxoobo,o
xoxbxbboo,o
xbxoxbboo,o
xbxbxoboo,o
oxxoxobbb,o
oxxbxoobb,o
bxxoxoobb,o
oxxoxbbob,o
oxxbxobob,o
bxxoxobob,x
oxxbxboob,o
bxxoxboob,o
bxxbxooob,o
oxxoxbbbo,o
oxxbxobbo,x
bxxoxobbo,x
oxxbxbobo,o
bxxoxbobo,o
bxxbxoobo,o
oxxbxbboo,o
bxxoxbboo,o
bxxbxoboo,o
xooxxobbb,o
xooxxbobb,x
xobxxoobb,o
xboxxoobb,o
xooxxbbob,x
xobxxobob,x
xboxxobob,o
xobxxboob,o
xboxxboob,o
xbbxxooob,o
xooxxbbbo,o
xobxxobbo,o
xobxxbobo,o
xboxxbobo,o
xbbxxoobo,o
xobxxbboo,o
xboxxbboo,o
xbbxxoboo,o
oxoxxobbb,o
oxoxxbobb,x
oxbxxoobb,d
bxoxxoobb,o
oxoxxbbob,d
oxbxxobob,o
bxoxxobob,o
oxbxxboob,o
bxoxxboob,o
bxbxxooob,o
oxoxxbbbo,o
oxbxxobbo,o
oxbxxbobo,o
bxoxxbobo,o
bxbxxoobo,o
oxbxxbboo,o
bxoxxbboo,o
bxbxxoboo,o
ooxxxobbb,d
ooxxxbobb,d
obxxxoobb,d
boxxxoobb,d
ooxxxbbob,x
obxxxobob,d
boxxxobob,d
obxxxboob,o
boxxxboob,o
bbxxxooob,o
ooxxxbbbo,x
obxxxobbo,d
boxxxobbo,d
obxxxbobo,o
boxxxbobo,o
bbxxxoobo,o
obxxxbboo,o
boxxxbboo,o
bbxxxoboo,o
xxoooxbbb,o
xxoobxobb,o
xxbooxobb,o
xxoobxbob,o
xxoboxbob,o
xxbooxbob,d
xxobbxoob,o
xxbobxoob,o
xxbboxoob,o
xxoobxbbo,o
xxoboxbbo,o
xxbooxbbo,d
xxobbxobo,o
xxbobxobo,o
xxbboxobo,o
xxobbxboo,o
xxbobxboo,o
xxbboxboo,o
xoxooxbbb,o
xoxobxobb,d
xoxboxobb,o
xbxooxobb,x
xoxobxbob,o
xbxooxbob,o
xoxbbxoob,o
xbxobxoob,o
xbxboxoob,o
xoxobxbbo,o
xoxboxbbo,o
xbxooxbbo,d
xoxbbxobo,o
xbxobxobo,o
xbxboxobo,o
xoxbbxboo,o
xbxobxboo,o
xbxboxboo,o
oxxooxbbb,o
oxxboxobb,o
bxxooxobb,o
oxxobxbob,o
oxxboxbob,o
bxxooxbob,x
oxxbbxoob,o
bxxobxoob,o
bxxboxoob,o
oxxobxbbo,o
bxxooxbbo,o
oxxbbxobo,o
bxxobxobo,o
bxxboxobo,o
oxxbbxboo,o
bxxobxboo,o
bxxboxboo,o
xooxoxbbb,o
xooxbxobb,o
xobxoxobb,o
xooxbxbob,o
xboxoxbob,o
xobxbxoob,o
xboxbxoob,o
xbbxoxoob,o
xooxbxbbo,x
xobxoxbbo,o
xboxoxbbo,o
xobxbxobo,o
xboxbxobo,o
xbbxoxobo,o
xobxbxboo,o
xboxbxboo,o
xbbxoxboo,o
oxoxoxbbb,o
oxoxbxobb,o
oxbxoxobb,o
oxoxbxbob,o
oxbxoxbob,o
bxoxoxbob,o
oxbxbxoob,o
bxoxbxoob,o
bxbxoxoob,o
oxoxbxbbo,o
bxoxoxbbo,o
oxbxbxobo,o
bxoxbxobo,o
bxbxoxobo,o
oxbxbxboo,o
bxoxbxboo,o
bxbxoxboo,o
ooxxoxbbb,o
ooxxbxobb,x
obxxoxobb,o
boxxoxobb,o
ooxxbxbob,o
obxxoxbob,o
obxxbxoob,o
boxxbxoob,o
bbxxoxoob,o
ooxxbxbbo,o
boxxoxbbo,o
obxxbxobo,o
boxxbxobo,o
bbxxoxobo,o
obxxbxboo,o
boxxbxboo,o
bbxxoxboo,o
xoooxxbbb,d
xoobxxobb,x
xoboxxobb,d
xbooxxobb,d
xoobxxbob,x
xoboxxbob,d
xbooxxbob,d
xobbxxoob,o
xbobxxoob,o
xbboxxoob,o
xoobxxbbo,d
xoboxxbbo,d
xbooxxbbo,d
xobbxxobo,o
xbobxxobo,o
xbboxxobo,o
xobbxxboo,o
xbobxxboo,o
xbboxxboo,o
oxooxxbbb,o
oxobxxobb,o
bxooxxobb,o
oxobxxbob,d
oxboxxbob,o
bxooxxbob,o
oxbbxxoob,o
bxobxxoob,o
bxboxxoob,o
oxobxxbbo,x
oxboxxbbo,o
bxooxxbbo,d
oxbbxxobo,o
bxobxxobo,o
bxboxxobo,o
oxbbxxboo,o
bxobxxboo,o
bxboxxboo,o
ooxoxxbbb,o
ooxbxxobb,o
boxoxxobb,o
ooxbxxbob,x
obxoxxbob,o
boxoxxbob,x
obxbxxoob,o
boxbxxoob,o
bbxoxxoob,o
ooxbxxbbo,x
obxoxxbbo,o
boxoxxbbo,o
obxbxxobo,o
boxbxxobo,o
bbxoxxobo,o
obxbxxboo,o
boxbxxboo,o
bbxoxxboo,o
oobxxxobb,x
oboxxxobb,x
booxxxobb,x
oobxxxbob,x
oboxxxbob,x
booxxxbob,x
obbxxxoob,x
bobxxxoob,x
bboxxxoob,x
oobxxxbbo,x
oboxxxbbo,x
booxxxbbo,x
obbxxxobo,x
bobxxxobo,x
bboxxxobo,x
obbxxxboo,x
bobxxxboo,x
bboxxxboo,x
xxooobxbb,o
xxooboxbb,o
xxobooxbb,o
xxoobbxob,o
xxobobxob,d
xxboobxob,o
xxobboxob,o
xxboboxob,o
xxbbooxob,o
xxoobbxbo,o
xxobobxbo,o
xxboobxbo,o
xxboboxbo,o
xxbbooxbo,o
xxobbbxoo,o
xxbobbxoo,d
xxbbobxoo,x
xxbbboxoo,o
xoxoobxbb,o
xoxoboxbb,o
xoxbooxbb,o
xoxobbxob,o
xbxoobxob,o
xoxbboxob,o
xbxoboxob,o
xbxbooxob,o
xoxobbxbo,o
xoxbobxbo,o
xbxoobxbo,o
xoxbboxbo,x
xbxoboxbo,o
xbxbooxbo,o
xoxbbbxoo,o
xbxobbxoo,x
xbxbobxoo,o
xbxbboxoo,x
oxxoobxbb,o
oxxoboxbb,o
oxxbooxbb,o
oxxobbxob,o
oxxbobxob,o
bxxoobxob,o
oxxbboxob,o
bxxoboxob,o
bxxbooxob,o
oxxobbxbo,o
bxxoobxbo,o
oxxbboxbo,o
bxxoboxbo,o
bxxbooxbo,o
oxxbbbxoo,o
bxxobbxoo,x
bxxbobxoo,o
bxxbboxoo,x
xooxobxbb,x
xooxboxbb,x
xobxooxbb,x
xboxooxbb,x
xooxbbxob,x
xboxobxob,x
xobxboxob,x
xboxboxob,x
xbbxooxob,x
xooxbbxbo,x
xobxobxbo,x
xboxobxbo,x
xobxboxbo,x
xbbxooxbo,x
xobxbbxoo,x
xboxbbxoo,x
xbbxobxoo,x
xbbxboxoo,x
oxoxobxbb,o
oxoxboxbb,o
oxbxooxbb,o
bxoxooxbb,o
oxoxbbxob,o
oxbxobxob,o
bxoxobxob,d
oxbxboxob,o
bxoxboxob,o
bxbxooxob,d
oxoxbbxbo,o
bxoxobxbo,o
oxbxboxbo,o
bxbxooxbo,o
oxbxbbxoo,o
bxoxbbxoo,o
bxbxobxoo,o
bxbxboxoo,o
ooxxobxbb,o
ooxxboxbb,o
obxxooxbb,o
boxxooxbb,o
ooxxbbxob,o
obxxobxob,o
obxxboxob,o
boxxboxob,o
bbxxooxob,o
ooxxbbxbo,o
boxxobxbo,o
obxxboxbo,o
boxxboxbo,x
bbxxooxbo,o
obxxbbxoo,o
boxxbbxoo,o
bbxxobxoo,o
bbxxboxoo,x
xoooxbxbb,d
xoobxoxbb,o
xoboxoxbb,x
xbooxoxbb,o
xoobxbxob,x
xoboxbxob,x
xbooxbxob,d
xobbxoxob,x
xbobxoxob,o
xbboxoxob,x
xoobxbxbo,o
xoboxbxbo,d
xbooxbxbo,o
xobbxoxbo,o
xbboxoxbo,o
xobbxbxoo,x
xbobxbxoo,o
xbboxbxoo,d
xbbbxoxoo,o
oxooxbxbb,d
oxobxoxbb,o
oxboxoxbb,x
bxooxoxbb,o
oxobxbxob,d
oxboxbxob,d
bxooxbxob,d
oxbbxoxob,d
bxobxoxob,o
bxboxoxob,d
oxobxbxbo,o
oxboxbxbo,x
bxooxbxbo,o
oxbbxoxbo,o
bxboxoxbo,o
oxbbxbxoo,d
bxobxbxoo,o
bxboxbxoo,d
bxbbxoxoo,o
ooxoxbxbb,x
ooxbxoxbb,x
obxoxoxbb,x
boxoxoxbb,x
ooxbxbxob,x
obxoxbxob,x
boxoxbxob,x
obxbxoxob,x
boxbxoxob,x
bbxoxoxob,x
ooxbxbxbo,x
obxoxbxbo,x
boxoxbxbo,x
obxbxoxbo,x
boxbxoxbo,x
bbxoxoxbo,x
obxbxbxoo,x
boxbxbxoo,x
bbxoxbxoo,x
bbxbxoxoo,x
oobxxoxbb,o
oboxxoxbb,o
booxxoxbb,o
oobxxbxob,o
oboxxbxob,o
booxxbxob,o
obbxxoxob,o
bobxxoxob,x
bboxxoxob,o
oobxxbxbo,o
oboxxbxbo,o
booxxbxbo,o
obbxxoxbo,o
bobxxoxbo,o
obbxxbxoo,x
bobxxbxoo,x
bboxxbxoo,o
bbbxxoxoo,o
xooobxxbb,d
xooboxxbb,o
xobooxxbb,o
xboooxxbb,d
xoobbxxob,o
xobobxxob,o
xboobxxob,d
xboboxxob,o
xbbooxxob,o
xoobbxxbo,d
xobobxxbo,d
xboobxxbo,d
xobboxxbo,o
xboboxxbo,d
xbbooxxbo,d
xobbbxxoo,o
xbobbxxoo,d
xbbobxxoo,d
xbbboxxoo,o
oxoobxxbb,d
oxoboxxbb,o
oxbooxxbb,o
bxoooxxbb,d
oxobbxxob,d
oxbobxxob,d
bxoobxxob,d
oxbboxxob,o
bxoboxxob,d
bxbooxxob,d
oxobbxxbo,o
oxbobxxbo,o
bxoobxxbo,d
bxoboxxbo,o
bxbooxxbo,o
oxbbbxxoo,o
bxobbxxoo,d
bxbobxxoo,d
bxbboxxoo,o
ooxobxxbb,x
ooxboxxbb,o
obxooxxbb,o
boxooxxbb,o
ooxbbxxob,o
obxobxxob,x
boxobxxob,o
obxboxxob,o
bbxooxxob,o
ooxbbxxbo,o
obxobxxbo,o
boxobxxbo,o
boxboxxbo,o
bbxooxxbo,o
obxbbxxoo,o
boxbbxxoo,o
bbxobxxoo,o
bbxboxxoo,o
oobxoxxbb,o
oboxoxxbb,o
booxoxxbb,o
oobxbxxob,o
oboxbxxob,o
booxbxxob,o
obbxoxxob,o
bboxoxxob,o
oobxbxxbo,o
oboxbxxbo,o
booxbxxbo,o
bobxoxxbo,o
bboxoxxbo,o
obbxbxxoo,o
bobxbxxoo,o
bboxbxxoo,x
bbbxoxxoo,o
ooboxxxbb,o
obooxxxbb,o
boooxxxbb,o
oobbxxxob,o
obobxxxob,o
boobxxxob,o
obboxxxob,d
boboxxxob,d
bbooxxxob,d
oobbxxxbo,o
obobxxxbo,o
boobxxxbo,o
obboxxxbo,d
boboxxxbo,d
bbooxxxbo,d
obbbxxxoo,x
bobbxxxoo,x
bbobxxxoo,d
bbboxxxoo,d
xxooobbxb,o
xxoobobxb,o
xxoboobxb,o
xxoobboxb,o
xxbooboxb,o
xxobbooxb,o
xxbobooxb,o
xxbboooxb,o
xxoobbbxo,o
xxobobbxo,o
xxboobbxo,o
xxbobobxo,o
xxbboobxo,o
xxobbboxo,o
xxbobboxo,x
xxbboboxo,o
xxbbbooxo,o
xoxoobbxb,o
xoxobobxb,o
xoxboobxb,o
xoxobboxb,d
xoxboboxb,d
xbxooboxb,o
xoxbbooxb,d
xbxobooxb,o
xbxboooxb,o
xoxobbbxo,d
xoxbobbxo,d
xbxoobbxo,o
xoxbbobxo,d
xbxobobxo,o
xbxboobxo,o
xoxbbboxo,d
xbxobboxo,d
xbxboboxo,d
xbxbbooxo,d
oxxoobbxb,o
oxxobobxb,o
oxxboobxb,o
oxxboboxb,o
bxxooboxb,o
oxxbbooxb,o
bxxobooxb,o
bxxboooxb,o
oxxobbbxo,o
bxxoobbxo,o
oxxbbobxo,o
bxxobobxo,o
bxxboobxo,o
oxxbbboxo,o
bxxobboxo,o
bxxboboxo,o
bxxbbooxo,x
xooxobbxb,o
xooxbobxb,o
xobxoobxb,d
xboxoobxb,o
xooxbboxb,o
xobxoboxb,o
xobxbooxb,o
xboxbooxb,o
xbbxoooxb,o
xooxbbbxo,o
xobxobbxo,d
xboxobbxo,o
xobxbobxo,o
xbbxoobxo,o
xobxbboxo,o
xboxbboxo,o
xbbxoboxo,o
xbbxbooxo,o
oxoxobbxb,o
oxoxbobxb,o
oxbxoobxb,o
bxoxoobxb,o
oxoxbboxb,o
oxbxoboxb,o
oxbxbooxb,o
bxoxbooxb,o
bxbxoooxb,o
oxoxbbbxo,o
bxoxobbxo,o
oxbxbobxo,o
bxbxoobxo,o
oxbxbboxo,o
bxoxbboxo,o
bxbxoboxo,o
bxbxbooxo,o
ooxxobbxb,o
ooxxbobxb,d
obxxoobxb,o
boxxoobxb,d
ooxxbboxb,d
obxxoboxb,o
boxxoboxb,d
obxxbooxb,d
boxxbooxb,d
bbxxoooxb,d
ooxxbbbxo,o
boxxobbxo,o
obxxbobxo,o
boxxbobxo,d
bbxxoobxo,o
obxxbboxo,o
boxxbboxo,d
bbxxoboxo,o
bbxxbooxo,d
xoooxbbxb,d
xoobxobxb,o
xoboxobxb,d
xbooxobxb,o
xoobxboxb,d
xoboxboxb,d
xbooxboxb,x
xobbxooxb,d
xbobxooxb,o
xbboxooxb,x
xoobxbbxo,o
xoboxbbxo,d
xbooxbbxo,o
xobbxobxo,o
xbboxobxo,o
xobbxboxo,d
xbobxboxo,o
xbboxboxo,d
xbbbxooxo,o
oxooxbbxb,x
oxobxobxb,x
oxboxobxb,x
bxooxobxb,x
oxobxboxb,x
bxooxboxb,x
oxbbxooxb,x
bxobxooxb,x
bxboxooxb,x
oxobxbbxo,x
oxboxbbxo,x
bxooxbbxo,x
oxbbxobxo,x
bxboxobxo,x
oxbbxboxo,x
bxobxboxo,x
bxboxboxo,x
bxbbxooxo,x
ooxoxbbxb,o
ooxbxobxb,d
obxoxobxb,o
boxoxobxb,d
ooxbxboxb,o
boxoxboxb,o
obxbxooxb,o
boxbxooxb,d
bbxoxooxb,o
ooxbxbbxo,d
obxoxbbxo,o
boxoxbbxo,d
obxbxobxo,x
boxbxobxo,d
bbxoxobxo,x
obxbxboxo,o
boxbxboxo,d
bbxoxboxo,o
bbxbxooxo,d
oobxxobxb,o
oboxxobxb,o
booxxobxb,o
oobxxboxb,o
oboxxboxb,o
booxxboxb,o
obbxxooxb,d
bobxxooxb,o
bboxxooxb,o
oobxxbbxo,o
oboxxbbxo,o
booxxbbxo,o
obbxxobxo,o
bobxxobxo,o
obbxxboxo,x
bobxxboxo,d
bboxxboxo,o
bbbxxooxo,o
xooobxbxb,d
xooboxbxb,o
xobooxbxb,d
xboooxbxb,o
xoobbxoxb,o
xobobxoxb,d
xboobxoxb,o
xobboxoxb,o
xbbooxoxb,o
xoobbxbxo,d
xobobxbxo,d
xboobxbxo,d
xobboxbxo,d
xboboxbxo,o
xbbooxbxo,d
xobbbxoxo,d
xbobbxoxo,o
xbbobxoxo,d
xbbboxoxo,o
oxoobxbxb,o
oxoboxbxb,o
oxbooxbxb,o
bxoooxbxb,o
oxobbxoxb,o
bxoobxoxb,o
oxbboxoxb,o
bxbooxoxb,o
oxobbxbxo,o
oxbobxbxo,o
bxoobxbxo,o
bxoboxbxo,o
bxbooxbxo,o
oxbbbxoxo,o
bxobbxoxo,o
bxbobxoxo,o
bxbboxoxo,o
ooxobxbxb,o
ooxboxbxb,o
obxooxbxb,o
boxooxbxb,d
ooxbbxoxb,o
boxobxoxb,o
obxboxoxb,o
boxboxoxb,d
bbxooxoxb,o
ooxbbxbxo,o
obxobxbxo,o
boxobxbxo,o
boxboxbxo,o
bbxooxbxo,o
obxbbxoxo,o
boxbbxoxo,o
bbxobxoxo,o
bbxboxoxo,o
oobxoxbxb,o
oboxoxbxb,o
booxoxbxb,o
oobxbxoxb,o
oboxbxoxb,o
booxbxoxb,o
obbxoxoxb,o
bobxoxoxb,o
oobxbxbxo,o
oboxbxbxo,o
booxbxbxo,o
bobxoxbxo,o
bboxoxbxo,o
obbxbxoxo,o
bobxbxoxo,o
bboxbxoxo,o
bbbxoxoxo,o
ooboxxbxb,o
obooxxbxb,o
boooxxbxb,o
oobbxxoxb,o
obobxxoxb,o
boobxxoxb,o
boboxxoxb,o
bbooxxoxb,o
oobbxxbxo,o
obobxxbxo,o
boobxxbxo,o
obboxxbxo,o
boboxxbxo,o
bbooxxbxo,d
obbbxxoxo,o
bobbxxoxo,d
bbobxxoxo,x
bbboxxoxo,o
xooobbxxb,d
xoobobxxb,x
xoboobxxb,o
xbooobxxb,o
xoobboxxb,o
xoboboxxb,o
xbooboxxb,o
xobbooxxb,o
xbobooxxb,o
xoobbbxxo,o
xobobbxxo,o
xboobbxxo,o
xobbobxxo,d
xbobobxxo,o
xbboobxxo,o
xobbboxxo,o
xbboboxxo,o
xbbbooxxo,o
oxoobbxxb,x
oxobobxxb,o
oxboobxxb,o
bxooobxxb,o
oxobboxxb,o
oxboboxxb,o
bxooboxxb,o
oxbbooxxb,o
bxobooxxb,o
oxobbbxxo,o
oxbobbxxo,o
bxoobbxxo,o
bxobobxxo,o
bxboobxxo,o
oxbbboxxo,o
bxboboxxo,o
bxbbooxxo,o
ooxobbxxb,x
ooxbobxxb,o
obxoobxxb,o
boxoobxxb,o
ooxbboxxb,x
obxoboxxb,o
boxoboxxb,o
obxbooxxb,o
boxbooxxb,o
ooxbbbxxo,o
obxobbxxo,o
boxobbxxo,o
boxbobxxo,o
bbxoobxxo,o
obxbboxxo,o
boxbboxxo,o
bbxoboxxo,o
bbxbooxxo,o
oobxobxxb,o
oboxobxxb,o
booxobxxb,o
oobxboxxb,o
oboxboxxb,o
booxboxxb,o
obbxooxxb,o
bobxooxxb,x
bboxooxxb,o
oobxbbxxo,o
oboxbbxxo,o
booxbbxxo,o
bobxobxxo,o
bboxobxxo,o
obbxboxxo,o
bobxboxxo,o
bbbxooxxo,o
ooboxbxxb,o
obooxbxxb,o
boooxbxxb,o
oobbxoxxb,o
obobxoxxb,o
boobxoxxb,o
obboxoxxb,x
boboxoxxb,x
bbooxoxxb,o
oobbxbxxo,o
obobxbxxo,o
boobxbxxo,o
obboxbxxo,x
boboxbxxo,o
bbooxbxxo,o
obbbxoxxo,o
bobbxoxxo,o
bbboxoxxo,o
oobobxxxb,o
oboobxxxb,o
booobxxxb,o
oobboxxxb,o
oboboxxxb,o
booboxxxb,o
obbooxxxb,o
bobooxxxb,d
bboooxxxb,d
oobbbxxxo,o
obobbxxxo,o
boobbxxxo,o
obbobxxxo,o
bobobxxxo,o
bboobxxxo,o
bobboxxxo,o
bboboxxxo,o
bbbooxxxo,o
xxooobbbx,o
xxoobobbx,o
xxoboobbx,o
xxoobbobx,o
xxboobobx,o
xxobboobx,o
xxboboobx,o
xxbbooobx,o
xxoobbbox,o
xxobobbox,o
xxboobbox,o
xxobbobox,o
xxbobobox,o
xxbboobox,o
xxobbboox,o
xxbobboox,x
xxbboboox,o
xxbbbooox,x
xoxoobbbx,o
xoxobobbx,o
xoxboobbx,o
xoxobbobx,x
xoxbobobx,o
xbxoobobx,o
xoxbboobx,o
xbxoboobx,o
xbxbooobx,o
xoxobbbox,o
xbxoobbox,o
xoxbbobox,o
xbxobobox,o
xbxboobox,o
xoxbbboox,o
xbxobboox,x
xbxboboox,o
xbxbbooox,x
oxxoobbbx,o
oxxobobbx,o
oxxboobbx,o
oxxbobobx,o
bxxoobobx,o
oxxbboobx,o
bxxoboobx,o
bxxbooobx,o
oxxobbbox,o
oxxbobbox,d
bxxoobbox,o
oxxbbobox,o
bxxobobox,o
bxxboobox,o
oxxbbboox,o
bxxobboox,o
bxxboboox,x
bxxbbooox,d
xooxobbbx,o
xooxbobbx,x
xobxoobbx,o
xboxoobbx,o
xooxbbobx,o
xobxobobx,o
xobxboobx,o
xboxboobx,o
xbbxooobx,o
xooxbbbox,o
xboxobbox,o
xobxbobox,o
xboxbobox,x
xbbxoobox,o
xobxbboox,o
xboxbboox,o
xbbxoboox,o
xbbxbooox,o
oxoxobbbx,o
oxoxbobbx,d
oxbxoobbx,d
bxoxoobbx,o
oxoxbbobx,o
oxbxobobx,o
oxbxboobx,d
bxoxboobx,o
bxbxooobx,o
oxoxbbbox,d
oxbxobbox,d
bxoxobbox,o
oxbxbobox,d
bxoxbobox,d
bxbxoobox,d
oxbxbboox,d
bxoxbboox,o
bxbxoboox,o
bxbxbooox,d
ooxxobbbx,o
ooxxbobbx,d
obxxoobbx,d
boxxoobbx,o
ooxxbbobx,d
obxxobobx,d
boxxobobx,o
obxxboobx,d
boxxboobx,d
bbxxooobx,d
ooxxbbbox,o
obxxobbox,o
obxxbobox,d
boxxbobox,o
bbxxoobox,o
obxxbboox,d
boxxbboox,o
bbxxoboox,o
bbxxbooox,d
xoooxbbbx,x
xoobxobbx,x
xoboxobbx,x
xbooxobbx,x
xoobxbobx,x
xoboxbobx,x
xbooxbobx,x
xobbxoobx,x
xbobxoobx,x
xbboxoobx,x
xoobxbbox,x
xoboxbbox,x
xbooxbbox,x
xobbxobox,x
xbobxobox,x
xbboxobox,x
xobbxboox,x
xbobxboox,x
xbboxboox,x
xbbbxooox,x
oxooxbbbx,o
oxobxobbx,d
oxboxobbx,o
bxooxobbx,x
oxobxbobx,o
bxooxbobx,o
oxbbxoobx,o
bxobxoobx,x
bxboxoobx,o
oxobxbbox,d
oxboxbbox,o
bxooxbbox,d
oxbbxobox,d
bxobxobox,d
bxboxobox,d
oxbbxboox,o
bxobxboox,d
bxboxboox,o
bxbbxooox,d
ooxoxbbbx,o
ooxbxobbx,d
obxoxobbx,o
boxoxobbx,x
ooxbxbobx,o
boxoxbobx,o
obxbxoobx,o
boxbxoobx,d
bbxoxoobx,o
ooxbxbbox,x
obxoxbbox,o
boxoxbbox,x
obxbxobox,d
boxbxobox,x
bbxoxobox,x
obxbxboox,o
boxbxboox,x
bbxoxboox,o
bbxbxooox,d
oobxxobbx,o
oboxxobbx,o
booxxobbx,o
oobxxbobx,o
oboxxbobx,o
booxxbobx,o
obbxxoobx,d
bobxxoobx,d
bboxxoobx,d
oobxxbbox,o
oboxxbbox,o
booxxbbox,o
obbxxobox,d
bobxxobox,d
bboxxobox,d
obbxxboox,d
bobxxboox,x
bboxxboox,x
bbbxxooox,d
xooobxbbx,o
xooboxbbx,o
xobooxbbx,o
xboooxbbx,o
xoobbxobx,o
xobobxobx,x
xboobxobx,o
xobboxobx,o
xbbooxobx,o
xoobbxbox,o
xobobxbox,o
xboobxbox,o
xboboxbox,o
xbbooxbox,o
xobbbxoox,o
xbobbxoox,o
xbbobxoox,x
xbbboxoox,o
oxoobxbbx,o
oxoboxbbx,o
oxbooxbbx,o
bxoooxbbx,o
oxobbxobx,o
bxoobxobx,o
oxbboxobx,o
bxbooxobx,o
oxobbxbox,o
oxbobxbox,o
bxoobxbox,o
oxbboxbox,d
bxoboxbox,o
bxbooxbox,d
oxbbbxoox,o
bxobbxoox,o
bxbobxoox,o
bxbboxoox,o
ooxobxbbx,x
ooxboxbbx,x
obxooxbbx,x
boxooxbbx,x
ooxbbxobx,x
boxobxobx,x
obxboxobx,x
boxboxobx,x
bbxooxobx,x
ooxbbxbox,x
obxobxbox,x
boxobxbox,x
obxboxbox,x
bbxooxbox,x
obxbbxoox,x
boxbbxoox,x
bbxobxoox,x
bbxboxoox,x
oobxoxbbx,o
oboxoxbbx,o
booxoxbbx,o
oobxbxobx,o
oboxbxobx,o
booxbxobx,o
obbxoxobx,o
bobxoxobx,o
oobxbxbox,o
oboxbxbox,o
booxbxbox,o
obbxoxbox,o
bboxoxbox,o
obbxbxoox,x
bobxbxoox,o
bboxbxoox,o
bbbxoxoox,o
ooboxxbbx,o
obooxxbbx,o
boooxxbbx,o
oobbxxobx,o
obobxxobx,o
boobxxobx,o
boboxxobx,o
bbooxxobx,o
oobbxxbox,o
obobxxbox,o
boobxxbox,o
obboxxbox,o
boboxxbox,x
bbooxxbox,o
obbbxxoox,o
bobbxxoox,x
bbobxxoox,x
bbboxxoox,o
xooobbxbx,x
xoobobxbx,o
xoboobxbx,o
xbooobxbx,o
xoobboxbx,x
xoboboxbx,o
xbooboxbx,o
xobbooxbx,o
xbobooxbx,o
xoobbbxox,o
xobobbxox,o
xboobbxox,o
xbobobxox,o
xbboobxox,o
xobbboxox,o
xbobboxox,x
xbboboxox,o
xbbbooxox,o
oxoobbxbx,d
oxobobxbx,d
oxboobxbx,o
bxooobxbx,o
oxobboxbx,d
oxboboxbx,o
bxooboxbx,o
oxbbooxbx,o
bxobooxbx,o
oxobbbxox,d
oxbobbxox,d
bxoobbxox,d
oxbbobxox,d
bxobobxox,d
bxboobxox,o
oxbbboxox,d
bxobboxox,d
bxboboxox,o
bxbbooxox,o
ooxobbxbx,x
ooxbobxbx,o
obxoobxbx,o
boxoobxbx,o
ooxbboxbx,x
obxoboxbx,o
boxoboxbx,o
obxbooxbx,o
boxbooxbx,o
ooxbbbxox,o
obxobbxox,x
boxobbxox,o
obxbobxox,o
bbxoobxox,o
obxbboxox,o
boxbboxox,o
bbxoboxox,o
bbxbooxox,o
oobxobxbx,o
oboxobxbx,o
booxobxbx,o
oobxboxbx,o
oboxboxbx,o
booxboxbx,o
obbxooxbx,d
bobxooxbx,o
bboxooxbx,x
oobxbbxox,o
oboxbbxox,o
booxbbxox,o
obbxobxox,o
bboxobxox,o
obbxboxox,o
bobxboxox,o
bboxboxox,d
bbbxooxox,o
ooboxbxbx,o
obooxbxbx,o
boooxbxbx,o
oobbxoxbx,o
obobxoxbx,o
boobxoxbx,o
obboxoxbx,x
boboxoxbx,x
bbooxoxbx,x
oobbxbxox,o
obobxbxox,o
boobxbxox,o
obboxbxox,d
boboxbxox,x
bbooxbxox,d
obbbxoxox,d
bobbxoxox,x
bbobxoxox,d
bbboxoxox,x
oobobxxbx,o
oboobxxbx,o
booobxxbx,o
oobboxxbx,o
oboboxxbx,o
booboxxbx,o
obbooxxbx,x
bobooxxbx,o
bboooxxbx,d
oobbbxxox,o
obobbxxox,o
boobbxxox,o
obbobxxox,d
bobobxxox,o
bboobxxox,o
obbboxxox,o
bboboxxox,o
bbbooxxox,o
xooobbbxx,x
xoobobbxx,o
xoboobbxx,o
xbooobbxx,o
xoobbobxx,x
xobobobxx,o
xboobobxx,o
xobboobxx,o
xboboobxx,o
xoobbboxx,o
xobobboxx,o
xboobboxx,o
xobboboxx,o
xbbooboxx,o
xobbbooxx,o
xbobbooxx,o
xbbobooxx,o
xbbboooxx,o
oxoobbbxx,o
oxobobbxx,o
oxboobbxx,o
bxooobbxx,o
oxobbobxx,x
oxbobobxx,o
bxoobobxx,o
oxbboobxx,o
bxoboobxx,o
oxobbboxx,o
bxoobboxx,o
oxbboboxx,o
bxbooboxx,o
oxbbbooxx,o
bxobbooxx,o
bxbobooxx,o
bxbboooxx,o
ooxobbbxx,o
ooxbobbxx,x
obxoobbxx,o
boxoobbxx,o
ooxbbobxx,d
obxobobxx,o
boxobobxx,o
obxboobxx,o
boxboobxx,o
ooxbbboxx,o
boxobboxx,o
obxboboxx,o
boxboboxx,d
bbxooboxx,o
obxbbooxx,o
boxbbooxx,o
bbxobooxx,o
bbxboooxx,o
oobxobbxx,o
oboxobbxx,o
booxobbxx,o
oobxbobxx,o
oboxbobxx,o
booxbobxx,o
obbxoobxx,d
bobxoobxx,d
bboxoobxx,o
oobxbboxx,o
oboxbboxx,o
booxbboxx,o
obbxoboxx,o
bobxoboxx,o
obbxbooxx,o
bobxbooxx,o
bboxbooxx,o
bbbxoooxx,o
ooboxbbxx,o
obooxbbxx,o
boooxbbxx,o
oobbxobxx,o
obobxobxx,o
boobxobxx,o
obboxobxx,o
boboxobxx,x
bbooxobxx,x
oobbxboxx,o
obobxboxx,o
boobxboxx,o
boboxboxx,o
bbooxboxx,o
obbbxooxx,o
bobbxooxx,o
bbobxooxx,x
bbboxooxx,o
oobobxbxx,o
oboobxbxx,o
booobxbxx,o
oobboxbxx,o
oboboxbxx,o
booboxbxx,o
obbooxbxx,o
bobooxbxx,x
bboooxbxx,o
oobbbxoxx,o
obobbxoxx,o
boobbxoxx,o
bobobxoxx,o
bboobxoxx,o
obbboxoxx,o
bobboxoxx,o
bbbooxoxx,o
oobobbxxx,x
oboobbxxx,x
booobbxxx,x
oobbobxxx,x
obobobxxx,x
boobobxxx,x
obboobxxx,x
boboobxxx,x
bbooobxxx,x
oobbboxxx,x
obobboxxx,x
boobboxxx,x
obboboxxx,x
boboboxxx,x
bbooboxxx,x
obbbooxxx,x
bobbooxxx,x
bbobooxxx,x
xxoxooobb,o
xxoxoobob,x
xxoxoboob,o
xxoxbooob,o
xxbxoooob,x
xxoxoobbo,o
xxoxobobo,o
xxoxboobo,o
xxbxooobo,x
xxoxobboo,x
xxoxboboo,o
xxbxooboo,x
xxoxbbooo,o
xxbxobooo,o
xxbxboooo,o
xoxxooobb,d
xoxxoobob,o
xoxxoboob,o
xoxxbooob,o
xbxxoooob,x
xoxxoobbo,x
xoxxobobo,d
xoxxboobo,d
xbxxooobo,x
xoxxobboo,o
xoxxboboo,x
xbxxooboo,x
xoxxbbooo,o
xbxxobooo,o
xbxxboooo,o
oxxxooobb,d
oxxxoobob,d
oxxxoboob,d
oxxxbooob,d
bxxxoooob,x
oxxxoobbo,o
oxxxobobo,o
oxxxboobo,o
bxxxooobo,x
oxxxobboo,o
oxxxboboo,o
bxxxooboo,x
oxxxbbooo,o
bxxxobooo,o
bxxxboooo,o
xxooxoobb,x
xxooxobob,x
xxooxboob,x
xxobxooob,x
xxboxooob,x
xxooxobbo,o
xxooxbobo,x
xxobxoobo,o
xxboxoobo,x
xxooxbboo,o
xxobxoboo,o
xxboxoboo,x
xxobxbooo,o
xxboxbooo,o
xxbbxoooo,o
xoxoxoobb,x
xoxoxobob,x
xoxoxboob,x
xoxbxooob,x
xbxoxooob,x
xoxoxobbo,x
xoxoxbobo,d
xoxbxoobo,d
xbxoxoobo,x
xoxoxbboo,x
xoxbxoboo,x
xbxoxoboo,x
xoxbxbooo,o
xbxoxbooo,o
xbxbxoooo,o
oxxoxoobb,o
oxxoxobob,x
oxxoxboob,o
oxxbxooob,o
bxxoxooob,x
oxxoxobbo,x
oxxoxbobo,o
oxxbxoobo,x
bxxoxoobo,x
oxxoxbboo,x
oxxbxoboo,x
bxxoxoboo,x
oxxbxbooo,o
bxxoxbooo,o
bxxbxoooo,o
xooxxoobb,x
xooxxobob,x
xooxxboob,x
xobxxooob,x
xboxxooob,x
xooxxobbo,o
xooxxbobo,x
xobxxoobo,o
xboxxoobo,o
xooxxbboo,x
xobxxoboo,x
xboxxoboo,o
xobxxbooo,o
xboxxbooo,o
xbbxxoooo,o
oxoxxoobb,x
oxoxxobob,d
oxoxxboob,x
oxbxxooob,d
bxoxxooob,d
oxoxxobbo,o
oxoxxbobo,x
oxbxxoobo,x
bxoxxoobo,o
oxoxxbboo,x
oxbxxoboo,o
bxoxxoboo,o
oxbxxbooo,o
bxoxxbooo,o
bxbxxoooo,o
ooxxxoobb,d
ooxxxobob,x
ooxxxboob,x
obxxxooob,d
boxxxooob,d
ooxxxobbo,x
ooxxxbobo,x
obxxxoobo,d
boxxxoobo,d
ooxxxbboo,x
obxxxoboo,x
boxxxoboo,x
obxxxbooo,o
boxxxbooo,o
bbxxxoooo,o
xxoooxobb,o
xxoooxbob,d
xxoobxoob,o
xxoboxoob,o
xxbooxoob,x
xxoooxbbo,d
xxoobxobo,o
xxoboxobo,o
xxbooxobo,x
xxoobxboo,d
xxoboxboo,d
xxbooxboo,x
xxobbxooo,o
xxbobxooo,o
xxbboxooo,o
xoxooxobb,x
xoxooxbob,o
xoxobxoob,x
xoxboxoob,o
xbxooxoob,x
xoxooxbbo,d
xoxobxobo,d
xoxboxobo,d
xbxooxobo,x
xoxobxboo,o
xoxboxboo,o
xbxooxboo,x
xoxbbxooo,o
xbxobxooo,o
xbxboxooo,o
oxxooxobb,o
oxxooxbob,x
oxxobxoob,o
oxxboxoob,x
bxxooxoob,x
oxxooxbbo,o
oxxobxobo,o
oxxboxobo,o
bxxooxobo,x
oxxobxboo,o
oxxboxboo,o
bxxooxboo,x
oxxbbxooo,o
bxxobxooo,o
bxxboxooo,o
xooxoxobb,o
xooxoxbob,o
xooxbxoob,x
xobxoxoob,o
xboxoxoob,o
xooxoxbbo,x
xooxbxobo,x
xobxoxobo,o
xboxoxobo,o
xooxbxboo,x
xobxoxboo,o
xboxoxboo,x
xobxbxooo,o
xboxbxooo,o
xbbxoxooo,o
oxoxoxobb,o
oxoxoxbob,o
oxoxbxoob,x
oxbxoxoob,o
bxoxoxoob,o
oxoxoxbbo,o
oxoxbxobo,x
oxbxoxobo,o
bxoxoxobo,o
oxoxbxboo,x
oxbxoxboo,o
bxoxoxboo,o
oxbxbxooo,o
bxoxbxooo,o
bxbxoxooo,o
ooxxoxobb,x
ooxxoxbob,o
ooxxbxoob,x
obxxoxoob,x
boxxoxoob,o
ooxxoxbbo,o
ooxxbxobo,x
obxxoxobo,o
boxxoxobo,o
ooxxbxboo,x
obxxoxboo,o
boxxoxboo,o
obxxbxooo,o
boxxbxooo,o
bbxxoxooo,o
xoooxxobb,x
xoooxxbob,x
xoobxxoob,x
xoboxxoob,x
xbooxxoob,x
xoooxxbbo,d
xoobxxobo,x
xoboxxobo,d
xbooxxobo,d
xoobxxboo,x
xoboxxboo,d
xbooxxboo,d
xobbxxooo,o
xbobxxooo,o
xbboxxooo,o
oxooxxobb,o
oxooxxbob,d
oxobxxoob,x
oxboxxoob,o
bxooxxoob,o
oxooxxbbo,x
oxobxxobo,x
oxboxxobo,o
bxooxxobo,x
oxobxxboo,x
oxboxxboo,d
bxooxxboo,d
oxbbxxooo,o
bxobxxooo,o
bxboxxooo,o
ooxoxxobb,o
ooxoxxbob,x
ooxbxxoob,x
obxoxxoob,o
boxoxxoob,x
ooxoxxbbo,x
ooxbxxobo,x
obxoxxobo,o
boxoxxobo,o
ooxbxxboo,x
obxoxxboo,x
boxoxxboo,x
obxbxxooo,o
boxbxxooo,o
bbxoxxooo,o
xxooooxbb,o
xxooobxob,d
xxooboxob,o
xxobooxob,x
xxboooxob,o
xxooobxbo,d
xxooboxbo,o
xxobooxbo,o
xxboooxbo,o
xxoobbxoo,d
xxobobxoo,x
xxboobxoo,x
xxobboxoo,o
xxboboxoo,x
xxbbooxoo,x
xoxoooxbb,o
xoxoobxob,o
xoxoboxob,x
xoxbooxob,o
xbxoooxob,o
xoxoobxbo,o
xoxoboxbo,x
xoxbooxbo,x
xbxoooxbo,o
xoxobbxoo,x
xoxbobxoo,o
xbxoobxoo,x
xoxbboxoo,x
xbxoboxoo,x
xbxbooxoo,x
oxxoooxbb,o
oxxoobxob,o
oxxoboxob,x
oxxbooxob,o
bxxoooxob,o
oxxoobxbo,o
oxxoboxbo,x
oxxbooxbo,o
bxxoooxbo,o
oxxobbxoo,x
oxxbobxoo,o
bxxoobxoo,x
oxxbboxoo,x
bxxoboxoo,x
bxxbooxoo,x
oxoxooxbb,d
oxoxobxob,d
oxoxboxob,d
oxbxooxob,d
bxoxooxob,x
oxoxobxbo,o
oxoxboxbo,o
oxbxooxbo,o
bxoxooxbo,o
oxoxbbxoo,o
oxbxobxoo,o
bxoxobxoo,x
oxbxboxoo,o
bxoxboxoo,o
bxbxooxoo,x
ooxxooxbb,o
ooxxobxob,o
ooxxboxob,x
obxxooxob,o
boxxooxob,o
ooxxobxbo,o
ooxxboxbo,x
obxxooxbo,o
boxxooxbo,x
ooxxbbxoo,x
obxxobxoo,o
boxxobxoo,o
obxxboxoo,x
boxxboxoo,x
bbxxooxoo,x
xoooxoxbb,x
xoooxbxob,x
xoobxoxob,x
xoboxoxob,x
xbooxoxob,x
xoooxbxbo,d
xoobxoxbo,o
xoboxoxbo,x
xbooxoxbo,o
xoobxbxoo,x
xoboxbxoo,x
xbooxbxoo,d
xobbxoxoo,x
xbobxoxoo,o
xbboxoxoo,x
oxooxoxbb,x
oxooxbxob,d
oxobxoxob,d
oxboxoxob,x
bxooxoxob,d
oxooxbxbo,x
oxobxoxbo,o
oxboxoxbo,x
bxooxoxbo,o
oxobxbxoo,d
oxboxbxoo,x
bxooxbxoo,d
oxbbxoxoo,x
bxobxoxoo,o
bxboxoxoo,x
oooxxoxbb,o
oooxxbxob,o
oobxxoxob,x
oboxxoxob,o
booxxoxob,x
oooxxbxbo,o
oobxxoxbo,x
oboxxoxbo,o
booxxoxbo,o
oobxxbxoo,x
oboxxbxoo,x
booxxbxoo,x
obbxxoxoo,x
bobxxoxoo,x
bboxxoxoo,o
xooooxxbb,d
xooobxxob,d
xooboxxob,o
xobooxxob,o
xboooxxob,d
xooobxxbo,d
xooboxxbo,x
xobooxxbo,d
xboooxxbo,d
xoobbxxoo,x
xobobxxoo,d
xboobxxoo,d
xobboxxoo,o
xboboxxoo,x
xbbooxxoo,d
oxoooxxbb,d
oxoobxxob,d
oxoboxxob,d
oxbooxxob,d
bxoooxxob,d
oxoobxxbo,d
oxoboxxbo,o
oxbooxxbo,o
bxoooxxbo,d
oxobbxxoo,d
oxbobxxoo,d
bxoobxxoo,d
oxbboxxoo,o
bxoboxxoo,d
bxbooxxoo,d
ooxooxxbb,x
ooxobxxob,x
ooxboxxob,o
obxooxxob,x
boxooxxob,o
ooxobxxbo,x
ooxboxxbo,o
obxooxxbo,o
boxooxxbo,o
ooxbbxxoo,x
obxobxxoo,x
boxobxxoo,x
obxboxxoo,o
boxboxxoo,o
bbxooxxoo,o
oooxoxxbb,o
oooxbxxob,o
oobxoxxob,o
oboxoxxob,o
booxoxxob,o
oooxbxxbo,o
oobxoxxbo,o
oboxoxxbo,o
booxoxxbo,x
oobxbxxoo,x
oboxbxxoo,x
booxbxxoo,x
obbxoxxoo,o
bobxoxxoo,o
bboxoxxoo,x
ooooxxxbb,o
ooobxxxob,o
ooboxxxob,x
obooxxxob,d
boooxxxob,d
ooobxxxbo,o
ooboxxxbo,x
obooxxxbo,d
boooxxxbo,d
oobbxxxoo,x
obobxxxoo,x
boobxxxoo,x
obboxxxoo,x
boboxxxoo,x
bbooxxxoo,d
xxoooobxb,o
xxoooboxb,o
xxoobooxb,x
xxoboooxb,o
xxbooooxb,o
xxooobbxo,o
xxoobobxo,o
xxoboobxo,o
xxbooobxo,o
xxoobboxo,x
xxoboboxo,o
xxbooboxo,x
xxobbooxo,o
xxbobooxo,x
xxbboooxo,x
xoxooobxb,o
xoxooboxb,d
xoxobooxb,d
xoxboooxb,d
xbxooooxb,o
xoxoobbxo,d
xoxobobxo,d
xoxboobxo,d
xbxooobxo,o
xoxobboxo,d
xoxboboxo,d
xbxooboxo,x
xoxbbooxo,d
xbxobooxo,x
xbxboooxo,x
oxxooobxb,o
oxxooboxb,o
oxxobooxb,o
oxxboooxb,o
bxxooooxb,o
oxxoobbxo,o
oxxobobxo,x
oxxboobxo,o
bxxooobxo,o
oxxobboxo,o
oxxboboxo,o
bxxooboxo,x
oxxbbooxo,x
bxxobooxo,x
bxxboooxo,x
xooxoobxb,x
xooxoboxb,o
xooxbooxb,o
xobxoooxb,d
xboxoooxb,o
xooxobbxo,x
xooxbobxo,o
xobxoobxo,x
xboxoobxo,o
xooxbboxo,o
xobxoboxo,d
xboxoboxo,o
xobxbooxo,d
xboxbooxo,o
xbbxoooxo,d
oxoxoobxb,o
oxoxoboxb,o
oxoxbooxb,x
oxbxoooxb,o
bxoxoooxb,o
oxoxobbxo,o
oxoxbobxo,o
oxbxoobxo,o
bxoxoobxo,o
oxoxbboxo,x
oxbxoboxo,o
bxoxoboxo,o
oxbxbooxo,x
bxoxbooxo,o
bxbxoooxo,o
ooxxoobxb,d
ooxxoboxb,d
ooxxbooxb,d
obxxoooxb,d
boxxoooxb,d
ooxxobbxo,o
ooxxbobxo,d
obxxoobxo,o
boxxoobxo,d
ooxxbboxo,d
obxxoboxo,o
boxxoboxo,d
obxxbooxo,d
boxxbooxo,d
bbxxoooxo,d
xoooxobxb,x
xoooxboxb,x
xoobxooxb,x
xoboxooxb,x
xbooxooxb,x
xoooxbbxo,d
xoobxobxo,o
xoboxobxo,d
xbooxobxo,o
xoobxboxo,d
xoboxboxo,d
xbooxboxo,x
xobbxooxo,d
xbobxooxo,o
xbboxooxo,x
ooxoxobxb,x
ooxoxboxb,o
ooxbxooxb,d
obxoxooxb,o
boxoxooxb,d
ooxoxbbxo,x
ooxbxobxo,x
obxoxobxo,x
boxoxobxo,x
ooxbxboxo,d
obxoxboxo,o
boxoxboxo,d
obxbxooxo,x
boxbxooxo,d
bbxoxooxo,x
oooxxobxb,o
oooxxboxb,o
oobxxooxb,d
oboxxooxb,x
booxxooxb,o
oooxxbbxo,o
oobxxobxo,d
oboxxobxo,o
booxxobxo,o
oobxxboxo,x
oboxxboxo,x
booxxboxo,x
obbxxooxo,x
bobxxooxo,d
bboxxooxo,o
xooooxbxb,d
xooobxoxb,d
xooboxoxb,o
xobooxoxb,d
xboooxoxb,o
xooobxbxo,d
xooboxbxo,d
xobooxbxo,d
xboooxbxo,d
xoobbxoxo,d
xobobxoxo,d
xboobxoxo,d
xobboxoxo,d
xboboxoxo,o
xbbooxoxo,d
oxoooxbxb,o
oxoobxoxb,o
oxoboxoxb,o
oxbooxoxb,o
bxoooxoxb,o
oxoobxbxo,x
oxoboxbxo,o
oxbooxbxo,o
bxoooxbxo,o
oxobbxoxo,x
oxbobxoxo,o
bxoobxoxo,x
oxbboxoxo,o
bxoboxoxo,o
bxbooxoxo,o
ooxooxbxb,x
ooxobxoxb,o
ooxboxoxb,x
obxooxoxb,o
boxooxoxb,x
ooxobxbxo,o
ooxboxbxo,o
obxooxbxo,o
boxooxbxo,d
ooxbbxoxo,o
obxobxoxo,o
boxobxoxo,d
obxboxoxo,o
boxboxoxo,d
bbxooxoxo,d
oooxoxbxb,o
oooxbxoxb,o
oobxoxoxb,o
oboxoxoxb,o
booxoxoxb,o
oooxbxbxo,o
oobxoxbxo,o
oboxoxbxo,o
booxoxbxo,o
oobxbxoxo,x
oboxbxoxo,x
booxbxoxo,x
obbxoxoxo,o
bobxoxoxo,o
bboxoxoxo,o
ooooxxbxb,o
ooobxxoxb,o
ooboxxoxb,o
obooxxoxb,o
boooxxoxb,d
ooobxxbxo,o
ooboxxbxo,o
obooxxbxo,x
boooxxbxo,d
oobbxxoxo,x
obobxxoxo,x
boobxxoxo,x
obboxxoxo,o
boboxxoxo,d
bbooxxoxo,x
xoooobxxb,x
xoooboxxb,x
xoobooxxb,x
xoboooxxb,o
xbooooxxb,o
xooobbxxo,d
xoobobxxo,x
xoboobxxo,d
xbooobxxo,d
xoobboxxo,o
xoboboxxo,o
xbooboxxo,o
xobbooxxo,x
xbobooxxo,o
xbboooxxo,o
oxooobxxb,x
oxooboxxb,x
oxobooxxb,x
oxboooxxb,o
bxooooxxb,o
oxoobbxxo,x
oxobobxxo,o
oxboobxxo,o
bxooobxxo,o
oxobboxxo,o
oxboboxxo,x
bxooboxxo,o
oxbbooxxo,o
bxobooxxo,o
bxboooxxo,o
ooxoobxxb,x
ooxoboxxb,x
ooxbooxxb,x
obxoooxxb,o
boxoooxxb,o
ooxobbxxo,x
ooxbobxxo,o
obxoobxxo,o
boxoobxxo,o
ooxbboxxo,x
obxoboxxo,x
boxoboxxo,x
obxbooxxo,o
boxbooxxo,o
bbxoooxxo,o
oooxobxxb,o
oooxboxxb,o
oobxooxxb,x
oboxooxxb,x
booxooxxb,x
oooxbbxxo,o
oobxobxxo,o
oboxobxxo,o
booxobxxo,x
oobxboxxo,o
oboxboxxo,o
booxboxxo,o
obbxooxxo,o
bobxooxxo,x
bboxooxxo,o
ooooxbxxb,o
ooobxoxxb,o
ooboxoxxb,x
obooxoxxb,x
boooxoxxb,x
ooobxbxxo,o
ooboxbxxo,x
obooxbxxo,x
boooxbxxo,o
oobbxoxxo,x
obobxoxxo,o
boobxoxxo,o
obboxoxxo,x
boboxoxxo,x
bbooxoxxo,o
oooobxxxb,o
oooboxxxb,o
oobooxxxb,x
oboooxxxb,x
booooxxxb,x
ooobbxxxo,o
oobobxxxo,o
oboobxxxo,o
booobxxxo,d
oobboxxxo,o
oboboxxxo,o
booboxxxo,d
obbooxxxo,o
bobooxxxo,d
bboooxxxo,d
xxoooobbx,o
xxooobobx,o
xxooboobx,x
xxobooobx,o
xxboooobx,o
xxooobbox,o
xxoobobox,x
xxoboobox,o
xxbooobox,o
xxoobboox,x
xxoboboox,o
xxbooboox,x
xxobbooox,x
xxbobooox,x
xxbboooox,x
xoxooobbx,o
xoxoobobx,x
xoxoboobx,x
xoxbooobx,o
xbxoooobx,o
xoxoobbox,o
xoxobobox,x
xoxboobox,o
xbxooobox,o
xoxobboox,x
xoxboboox,o
xbxooboox,x
xoxbbooox,x
xbxobooox,x
xbxboooox,x
oxxooobbx,o
oxxoobobx,o
oxxoboobx,o
oxxbooobx,d
bxxoooobx,o
oxxoobbox,x
oxxobobox,o
oxxboobox,d
bxxooobox,o
oxxobboox,o
oxxboboox,x
bxxooboox,x
oxxbbooox,d
bxxobooox,x
bxxboooox,x
xooxoobbx,x
xooxobobx,o
xooxboobx,x
xobxooobx,o
xboxooobx,o
xooxobbox,o
xooxbobox,x
xobxoobox,o
xboxoobox,x
xooxbboox,x
xobxoboox,o
xboxoboox,o
xobxbooox,x
xboxbooox,x
xbbxoooox,o
oxoxoobbx,d
oxoxobobx,o
oxoxboobx,d
oxbxooobx,d
bxoxooobx,o
oxoxobbox,d
oxoxbobox,d
oxbxoobox,d
bxoxoobox,d
oxoxbboox,d
oxbxoboox,d
bxoxoboox,o
oxbxbooox,d
bxoxbooox,d
bxbxoooox,d
ooxxoobbx,d
ooxxobobx,x
ooxxboobx,d
obxxooobx,d
boxxooobx,d
ooxxobbox,o
ooxxbobox,d
obxxoobox,d
boxxoobox,o
ooxxbboox,x
obxxoboox,x
boxxoboox,o
obxxbooox,d
boxxbooox,d
bbxxoooox,d
oxooxobbx,x
oxooxbobx,o
oxobxoobx,x
oxboxoobx,o
bxooxoobx,x
oxooxbbox,d
oxobxobox,d
oxboxobox,d
bxooxobox,x
oxobxboox,d
oxboxboox,o
bxooxboox,x
oxbbxooox,d
bxobxooox,x
bxboxooox,x
ooxoxobbx,x
ooxoxbobx,o
ooxbxoobx,d
obxoxoobx,o
boxoxoobx,x
ooxoxbbox,x
ooxbxobox,x
obxoxobox,x
boxoxobox,x
ooxbxboox,x
obxoxboox,o
boxoxboox,x
obxbxooox,d
boxbxooox,x
bbxoxooox,x
oooxxobbx,o
oooxxbobx,o
oobxxoobx,d
oboxxoobx,d
booxxoobx,x
oooxxbbox,o
oobxxobox,d
oboxxobox,d
booxxobox,x
oobxxboox,x
oboxxboox,x
booxxboox,x
obbxxooox,d
bobxxooox,x
bboxxooox,x
xooooxbbx,o
xooobxobx,x
xooboxobx,o
xobooxobx,x
xboooxobx,o
xooobxbox,x
xooboxbox,o
xobooxbox,o
xboooxbox,o
xoobbxoox,x
xobobxoox,x
xboobxoox,x
xobboxoox,o
xboboxoox,o
xbbooxoox,x
oxoooxbbx,d
oxoobxobx,o
oxoboxobx,o
oxbooxobx,o
bxoooxobx,o
oxoobxbox,d
oxoboxbox,d
oxbooxbox,x
bxoooxbox,d
oxobbxoox,o
oxbobxoox,o
bxoobxoox,o
oxbboxoox,x
bxoboxoox,o
bxbooxoox,x
oooxoxbbx,o
oooxbxobx,o
oobxoxobx,x
oboxoxobx,o
booxoxobx,o
oooxbxbox,o
oobxoxbox,o
oboxoxbox,o
booxoxbox,o
oobxbxoox,x
oboxbxoox,x
booxbxoox,x
obbxoxoox,x
bobxoxoox,o
bboxoxoox,o
ooooxxbbx,o
ooobxxobx,o
ooboxxobx,o
obooxxobx,o
boooxxobx,x
ooobxxbox,o
ooboxxbox,x
obooxxbox,o
boooxxbox,x
oobbxxoox,x
obobxxoox,x
boobxxoox,x
obboxxoox,o
boboxxoox,x
bbooxxoox,x
xoooobxbx,x
xoooboxbx,x
xoobooxbx,x
xoboooxbx,o
xbooooxbx,o
xooobbxox,x
xoobobxox,o
xoboobxox,o
xbooobxox,o
xoobboxox,x
xoboboxox,x
xbooboxox,x
xobbooxox,o
xbobooxox,x
xbboooxox,o
oxooobxbx,x
oxooboxbx,x
oxobooxbx,x
oxboooxbx,o
bxooooxbx,o
oxoobbxox,d
oxobobxox,d
oxboobxox,d
bxooobxox,d
oxobboxox,d
oxboboxox,d
bxooboxox,d
oxbbooxox,d
bxobooxox,d
bxboooxox,o
ooxoobxbx,x
ooxoboxbx,x
ooxbooxbx,x
obxoooxbx,o
boxoooxbx,o
ooxobbxox,x
ooxbobxox,o
obxoobxox,x
boxoobxox,o
ooxbboxox,x
obxoboxox,x
boxoboxox,x
obxbooxox,o
boxbooxox,o
bbxoooxox,o
oooxobxbx,o
oooxboxbx,o
oobxooxbx,x
oboxooxbx,x
booxooxbx,x
oooxbbxox,o
oobxobxox,o
oboxobxox,d
booxobxox,o
oobxboxox,o
oboxboxox,d
booxboxox,x
obbxooxox,d
bobxooxox,o
bboxooxox,x
ooooxbxbx,o
ooobxoxbx,o
ooboxoxbx,x
obooxoxbx,x
boooxoxbx,x
ooobxbxox,o
ooboxbxox,x
obooxbxox,d
boooxbxox,x
oobbxoxox,x
obobxoxox,d
boobxoxox,x
obboxoxox,x
boboxoxox,x
bbooxoxox,x
oooobxxbx,o
oooboxxbx,o
oobooxxbx,x
oboooxxbx,x
booooxxbx,x
ooobbxxox,o
oobobxxox,x
oboobxxox,d
booobxxox,o
oobboxxox,o
oboboxxox,d
booboxxox,o
obbooxxox,x
bobooxxox,o
bboooxxox,d
xoooobbxx,x
xooobobxx,x
xooboobxx,x
xobooobxx,o
xboooobxx,o
xooobboxx,x
xooboboxx,o
xobooboxx,o
xboooboxx,o
xoobbooxx,x
xobobooxx,x
xboobooxx,x
xobboooxx,o
xboboooxx,o
xbbooooxx,o
oxooobbxx,x
oxoobobxx,x
oxoboobxx,x
oxbooobxx,o
bxoooobxx,o
oxoobboxx,o
oxoboboxx,o
oxbooboxx,o
bxoooboxx,o
oxobbooxx,x
oxbobooxx,o
bxoobooxx,x
oxbboooxx,o
bxoboooxx,o
bxbooooxx,o
ooxoobbxx,x
ooxobobxx,x
ooxboobxx,x
obxooobxx,o
boxooobxx,o
ooxobboxx,o
ooxboboxx,x
obxooboxx,o
boxooboxx,x
ooxbbooxx,d
obxobooxx,o
boxobooxx,o
obxboooxx,d
boxboooxx,d
bbxooooxx,o
oooxobbxx,o
oooxbobxx,o
oobxoobxx,x
oboxoobxx,x
booxoobxx,x
oooxbboxx,o
oobxoboxx,d
oboxoboxx,o
booxoboxx,o
oobxbooxx,d
oboxbooxx,o
booxbooxx,o
obbxoooxx,d
bobxoooxx,d
bboxoooxx,o
ooooxbbxx,o
ooobxobxx,o
ooboxobxx,x
obooxobxx,x
boooxobxx,x
ooobxboxx,o
ooboxboxx,o
obooxboxx,o
boooxboxx,x
oobbxooxx,o
obobxooxx,x
boobxooxx,x
obboxooxx,o
boboxooxx,x
bbooxooxx,x
oooobxbxx,o
oooboxbxx,o
oobooxbxx,x
oboooxbxx,x
booooxbxx,x
ooobbxoxx,o
oobobxoxx,o
oboobxoxx,o
booobxoxx,o
oobboxoxx,x
oboboxoxx,o
booboxoxx,o
obbooxoxx,o
bobooxoxx,x
bboooxoxx,o
xxxxoooob,x
xxxxooobo,x
xxxxooboo,x
xxxoxooob,x
xxxoxoobo,x
xxxoxoboo,x
xxoxxooob,o
xoxxxooob,o
xoxxxoobo,o
xoxxxoboo,o
oxxxxooob,o
oxxxxoobo,o
oxxxxoboo,o
xxxooxoob,x
xxxooxobo,x
xxxooxboo,x
xxoxoxboo,o
xoxxoxobo,o
oxxxoxoob,o
xxooxxoob,o
xxooxxobo,o
xxooxxboo,o
xoxoxxoob,o
xoxoxxobo,o
xoxoxxboo,o
oxxoxxboo,o
xooxxxoob,x
xooxxxobo,x
xooxxxboo,x
oxoxxxoob,x
oxoxxxobo,x
oxoxxxboo,x
ooxxxxoob,x
ooxxxxobo,x
ooxxxxboo,x
xxxoobxoo,x
xxxoboxoo,x
xxxbooxoo,x
xxoxooxob,x
xxoxobxoo,x
xxbxooxoo,x
xoxxooxbo,x
xoxxboxoo,x
xbxxooxoo,x
oxxxooxob,o
oxxxboxoo,o
bxxxooxoo,o
xxooxoxob,o
xxooxbxoo,o
xxboxoxoo,o
xoxoxoxob,x
xoxoxoxbo,x
xoxoxbxoo,x
xoxbxoxoo,x
xbxoxoxoo,x
oxxoxoxob,x
oxxoxoxbo,x
oxxoxbxoo,x
oxxbxoxoo,x
bxxoxoxoo,x
xooxxoxob,x
xooxxbxoo,x
xobxxoxoo,x
oxoxxoxob,o
oxoxxbxoo,o
oxbxxoxoo,o
ooxxxoxob,x
ooxxxoxbo,x
ooxxxbxoo,x
obxxxoxoo,x
boxxxoxoo,x
xxoooxxob,d
xxoooxxbo,d
xxoobxxoo,d
xxoboxxoo,d
xxbooxxoo,d
xoxooxxbo,o
xoxobxxoo,o
xbxooxxoo,o
oxxooxxob,o
oxxobxxoo,o
bxxooxxoo,o
xooxoxxbo,x
xooxbxxoo,x
xboxoxxoo,x
oxoxoxxob,o
oxoxbxxoo,o
bxoxoxxoo,o
ooxxbxxoo,o
xoooxxxob,d
xoooxxxbo,d
xoobxxxoo,d
xoboxxxoo,d
xbooxxxoo,d
oxooxxxob,d
oxooxxxbo,d
oxobxxxoo,d
oxboxxxoo,d
bxooxxxoo,d
ooxoxxxob,x
ooxoxxxbo,x
ooxbxxxoo,x
obxoxxxoo,x
boxoxxxoo,x
oobxxxxoo,x
oboxxxxoo,x
booxxxxoo,x
xxxooboxo,x
xxxobooxo,x
xxxboooxo,x
xxbxoooxo,o
xoxxoooxb,d
xoxxoobxo,d
xoxxoboxo,d
xoxxbooxo,d
xbxxoooxo,d
oxxxoooxb,o
oxxxbooxo,o
bxxxoooxo,o
xxooxooxb,x
xxooxboxo,x
xxboxooxo,x
xoxoxooxb,d
xoxoxobxo,d
xoxoxboxo,d
xoxbxooxo,d
xbxoxooxo,d
oxxoxobxo,x
oxxbxooxo,x
bxxoxooxo,x
xooxxooxb,o
xooxxboxo,o
xobxxooxo,o
oxoxxooxb,x
oxoxxboxo,x
oxbxxooxo,x
ooxxxooxb,d
ooxxxobxo,d
ooxxxboxo,d
obxxxooxo,d
boxxxooxo,d
xxoooxbxo,o
xxoobxoxo,o
xxbooxoxo,o
xoxooxoxb,d
xoxooxbxo,d
xoxobxoxo,d
xoxboxoxo,d
xbxooxoxo,d
bxxooxoxo,o
xooxoxbxo,o
xooxbxoxo,o
xobxoxoxo,o
oxoxbxoxo,o
ooxxoxoxb,o
ooxxbxoxo,o
boxxoxoxo,o
xoooxxoxb,d
xoooxxbxo,d
xoobxxoxo,d
xoboxxoxo,d
xbooxxoxo,d
oxooxxbxo,x
oxobxxoxo,x
bxooxxoxo,x
ooxoxxbxo,o
ooxbxxoxo,o
boxoxxoxo,o
oobxxxoxo,x
oboxxxoxo,x
booxxxoxo,x
xxooobxxo,o
xoxoobxxo,o
xoxoboxxo,o
xoxbooxxo,o
oxxoboxxo,o
xooxooxxb,x
xooxobxxo,x
xobxooxxo,x
oxoxooxxb,o
ooxxooxxb,o
ooxxboxxo,o
boxxooxxo,o
xoooxoxxb,o
xoooxbxxo,o
xoboxoxxo,o
oxooxoxxb,x
oxooxbxxo,x
oxboxoxxo,x
ooxoxoxxb,x
ooxoxbxxo,x
ooxbxoxxo,x
obxoxoxxo,x
boxoxoxxo,x
oobxxoxxo,o
xooooxxxb,d
xooobxxxo,d
xooboxxxo,d
xobooxxxo,d
xboooxxxo,d
oxoooxxxb,o
oxoobxxxo,o
bxoooxxxo,o
ooxooxxxb,o
ooxobxxxo,o
boxooxxxo,o
booxoxxxo,o
ooboxxxxo,o
obooxxxxo,o
boooxxxxo,o
xxxooboox,x
xxxobooox,x
xxxboooox,x
xxoxoobox,o
xxoxbooox,o
xxbxoooox,o
xoxxooobx,o
xoxxbooox,o
xbxxoooox,o
oxxxooobx,d
oxxxoobox,d
oxxxoboox,d
oxxxbooox,d
bxxxoooox,d
xxooxoobx,x
xxooxobox,x
xxooxboox,x
xxobxooox,x
xxboxooox,x
xoxoxoobx,x
xoxoxobox,x
xoxoxboox,x
xoxbxooox,x
xbxoxooox,x
oxxoxobox,o
oxxbxooox,o
bxxoxooox,o
xooxxoobx,x
xooxxobox,x
xooxxboox,x
xobxxooox,x
xboxxooox,x
oxoxxoobx,d
oxoxxobox,d
oxoxxboox,d
oxbxxooox,d
bxoxxooox,d
ooxxxoobx,d
ooxxxobox,d
ooxxxboox,d
obxxxooox,d
boxxxooox,d
xxoooxbox,o
xxoobxoox,o
xxbooxoox,o
xoxooxobx,x
xoxobxoox,x
xbxooxoox,x
oxxooxbox,x
oxxboxoox,x
bxxooxoox,x
xooxbxoox,o
oxoxoxbox,o
oxoxbxoox,o
oxbxoxoox,o
ooxxoxobx,x
ooxxbxoox,x
obxxoxoox,x
xoooxxobx,x
xoooxxbox,x
xoobxxoox,x
xoboxxoox,x
xbooxxoox,x
oxooxxbox,o
oxobxxoox,o
bxooxxoox,o
ooxoxxbox,x
ooxbxxoox,x
boxoxxoox,x
oobxxxoox,x
oboxxxoox,x
booxxxoox,x
xxooobxox,o
xxooboxox,o
xxobooxox,o
xoxoboxox,o
oxxoobxox,o
oxxoboxox,o
oxxbooxox,o
xooxooxbx,x
xooxboxox,x
xboxooxox,x
oxoxooxbx,d
oxoxobxox,d
oxoxboxox,d
oxbxooxox,d
bxoxooxox,d
ooxxooxbx,o
ooxxboxox,o
obxxooxox,o
xoooxoxbx,x
xoooxbxox,x
xoobxoxox,x
xoboxoxox,x
xbooxoxox,x
oxooxoxbx,d
oxooxbxox,d
oxobxoxox,d
oxboxoxox,d
bxooxoxox,d
ooxoxoxbx,x
ooxoxbxox,x
ooxbxoxox,x
obxoxoxox,x
boxoxoxox,x
oobxxoxox,o
oboxxoxox,o
booxxoxox,o
xooooxxbx,o
xooobxxox,o
xboooxxox,o
oxoooxxbx,d
oxoobxxox,d
oxoboxxox,d
oxbooxxox,d
bxoooxxox,d
ooxooxxbx,x
ooxobxxox,x
obxooxxox,x
oboxoxxox,o
ooboxxxox,o
obooxxxox,o
boooxxxox,o
xxoobooxx,o
xoxooboxx,o
xoxobooxx,o
xoxboooxx,o
oxxboooxx,o
xooxoobxx,o
xooxbooxx,o
xobxoooxx,o
oxoxoobxx,o
oxoxbooxx,o
oxbxoooxx,o
ooxxoobxx,d
ooxxoboxx,d
ooxxbooxx,d
obxxoooxx,d
boxxoooxx,d
xoooxobxx,x
xoooxboxx,x
xoobxooxx,x
xoboxooxx,x
xbooxooxx,x
oxooxobxx,x
oxobxooxx,x
bxooxooxx,x
ooxoxobxx,o
ooxbxooxx,o
boxoxooxx,o
oobxxooxx,o
oboxxooxx,o
booxxooxx,o
xooooxbxx,o
xooobxoxx,o
xobooxoxx,o
oxoooxbxx,o
ooxooxbxx,x
ooxboxoxx,x
boxooxoxx,x
oobxoxoxx,o
boooxxoxx,o
xoooobxxx,x
xoooboxxx,x
xoobooxxx,x
oxooobxxx,x
oxooboxxx,x
oxobooxxx,x
ooxoobxxx,x
ooxoboxxx,x
ooxbooxxx,x
oobxooxxx,x
oboxooxxx,x
booxooxxx,x
ooboxoxxx,x
obooxoxxx,x
boooxoxxx,x
oobooxxxx,x
oboooxxxx,x
booooxxxx,x
xxoxxoooo,o
xoxxxoooo,o
oxxxxoooo,o
xxoxoxooo,o
xoxxoxooo,o
oxxxoxooo,o
xxooxxooo,o
xoxoxxooo,o
oxxoxxooo,o
oxxxooxoo,o
xxooxoxoo,o
oxoxxoxoo,o
xxoooxxoo,d
xoxooxxoo,o
oxxooxxoo,o
oxoxoxxoo,o
ooxxoxxoo,o
xoooxxxoo,d
oxooxxxoo,d
xxoxoooxo,o
xoxxoooxo,d
oxxxoooxo,o
xoxoxooxo,d
xooxxooxo,o
ooxxxooxo,d
xxoooxoxo,o
xoxooxoxo,d
oxxooxoxo,o
xooxoxoxo,o
oxoxoxoxo,o
ooxxoxoxo,o
xoooxxoxo,d
ooxoxxoxo,o
xxooooxxo,o
xoxoooxxo,o
oxxoooxxo,o
oxoxooxxo,o
ooxxooxxo,o
xoooxoxxo,o
oooxxoxxo,o
xooooxxxo,d
oxoooxxxo,o
ooxooxxxo,o
oooxoxxxo,o
ooooxxxxo,o
xxoxoooox,o
xoxxoooox,o
oxxxoooox,d
oxxoxooox,o
oxoxxooox,d
ooxxxooox,d
xxoooxoox,o
xooxoxoox,o
oxoxoxoox,o
oxooxxoox,o
xxooooxox,o
xoxoooxox,o
oxxoooxox,o
oxoxooxox,d
ooxxooxox,o
oxooxoxox,d
oooxxoxox,o
xooooxxox,o
oxoooxxox,d
oooxoxxox,o
ooooxxxox,o
xxoooooxx,o
xoxooooxx,o
oxxooooxx,o
xooxoooxx,o
oxoxoooxx,o
ooxxoooxx,d
ooxoxooxx,o
oooxxooxx,o
xooooxoxx,o
oxoooxoxx,o
oooxoxoxx,o
ooooxxoxx,o